Date,Workout Name,Exercise Name,Set Order,Weight,Reps,Distance,Seconds,Notes,Workout Notes,RPE
2019-10-14 13:32:50,"Midday Workout","Squat (Barbell)",1,85.0,5,0,0,"","",
2019-10-14 13:32:50,"Midday Workout","Squat (Barbell)",2,105.0,5,0,0,,,
2019-10-14 13:32:50,"Midday Workout","Squat (Barbell)",3,130.0,5,0,0,,,
2019-10-14 13:32:50,"Midday Workout","Squat (Barbell)",4,140.0,5,0,0,,,
2019-10-14 13:32:50,"Midday Workout","Squat (Barbell)",5,160.0,5,0,0,,,
2019-10-14 13:32:50,"Midday Workout","Squat (Barbell)",6,180.0,5,0,0,,,
2019-10-14 13:32:50,"Midday Workout","Squat (Barbell)",7,140.0,10,0,0,,,
2019-10-14 13:32:50,"Midday Workout","Band Lateral Walks",1,0,10,0,0,"",,
2019-10-14 13:32:50,"Midday Workout","Band Lateral Walks",2,0,12,0,0,,,
2019-10-14 13:32:50,"Midday Workout","Band Lateral Walks",3,0,12,0,0,,,
2019-10-14 13:32:50,"Midday Workout","Band Lateral Walks",4,0,12,0,0,,,
2019-10-14 13:32:50,"Midday Workout","Band Lateral Walks",5,0,12,0,0,,,
2019-10-14 13:32:50,"Midday Workout","Band Lateral Walks",6,0,12,0,0,,,
2019-10-14 13:32:50,"Midday Workout","Band Lateral Walks",7,0,12,0,0,,,
2019-10-14 13:32:50,"Midday Workout","Ab Wheel",1,0,10,0,0,"",,
2019-10-14 13:32:50,"Midday Workout","Ab Wheel",2,0,10,0,0,,,
2019-10-14 13:32:50,"Midday Workout","Ab Wheel",3,0,10,0,0,,,
2019-10-14 13:32:50,"Midday Workout","Ab Wheel",4,0,10,0,0,,,
2019-10-14 13:32:50,"Midday Workout","Ab Wheel",5,0,10,0,0,,,
2019-10-14 13:32:50,"Midday Workout","Single Leg Glute Bridge",1,0,10,0,0,"",,
2019-10-14 13:32:50,"Midday Workout","Single Leg Glute Bridge",2,0,10,0,0,,,
2019-10-14 13:32:50,"Midday Workout","Single Leg Glute Bridge",3,0,10,0,0,,,
2019-10-14 13:32:50,"Midday Workout","Single Leg Glute Bridge",4,0,10,0,0,,,
2019-10-14 13:32:50,"Midday Workout","Single Leg Glute Bridge",5,0,10,0,0,,,
2019-10-16 13:06:33,"Midday Workout","Overhead Press (Barbell)",1,50.0,5,0,0,"","OHP - keep elbows back",
2019-10-16 13:06:33,"Midday Workout","Overhead Press (Barbell)",2,60.0,5,0,0,,,
2019-10-16 13:06:33,"Midday Workout","Overhead Press (Barbell)",3,70.0,5,0,0,,,
2019-10-16 13:06:33,"Midday Workout","Overhead Press (Barbell)",4,80.0,3,0,0,,,
2019-10-16 13:06:33,"Midday Workout","Overhead Press (Barbell)",5,95.0,3,0,0,,,
2019-10-16 13:06:33,"Midday Workout","Overhead Press (Barbell)",6,105.0,3,0,0,,,
2019-10-16 13:06:33,"Midday Workout","Overhead Press (Barbell)",7,80.0,12,0,0,,,
2019-10-16 13:06:33,"Midday Workout","Band Pullaparts",1,0,15,0,0,"",,
2019-10-16 13:06:33,"Midday Workout","Band Pullaparts",2,0,15,0,0,,,
2019-10-16 13:06:33,"Midday Workout","Band Pullaparts",3,0,15,0,0,,,
2019-10-16 13:06:33,"Midday Workout","Band Pullaparts",4,0,15,0,0,,,
2019-10-16 13:06:33,"Midday Workout","Band Pullaparts",5,0,15,0,0,,,
2019-10-16 13:06:33,"Midday Workout","Band Pullaparts",6,0,15,0,0,,,
2019-10-16 13:06:33,"Midday Workout","Band Pullaparts",7,0,15,0,0,,,
2019-10-16 13:06:33,"Midday Workout","Pull Up",1,0.0,6,0,0,"",,
2019-10-16 13:06:33,"Midday Workout","Pull Up",2,0.0,6,0,0,,,
2019-10-16 13:06:33,"Midday Workout","Pull Up",3,0.0,6,0,0,,,
2019-10-16 13:06:33,"Midday Workout","Pull Up",4,0.0,6,0,0,,,
2019-10-16 13:06:33,"Midday Workout","Pull Up",5,0.0,6,0,0,,,
2019-10-16 13:06:33,"Midday Workout","Pull Up",6,0.0,6,0,0,,,
2019-10-16 13:06:33,"Midday Workout","Pull Up",7,0.0,6,0,0,,,
2019-10-16 13:06:33,"Midday Workout","Bench Press (Dumbbell)",1,25.0,12,0,0,"",,
2019-10-16 13:06:33,"Midday Workout","Bench Press (Dumbbell)",2,25.0,15,0,0,,,
2019-10-16 13:06:33,"Midday Workout","Bench Press (Dumbbell)",3,25.0,15,0,0,,,
2019-10-16 13:06:33,"Midday Workout","Bench Press (Dumbbell)",4,25.0,15,0,0,,,
2019-10-16 13:06:33,"Midday Workout","Bench Press (Dumbbell)",5,25.0,15,0,0,,,
2019-10-16 13:06:33,"Midday Workout","Bent Over Row (Barbell)",1,65.0,12,0,0,"",,
2019-10-16 13:06:33,"Midday Workout","Bent Over Row (Barbell)",2,65.0,15,0,0,,,
2019-10-16 13:06:33,"Midday Workout","Bent Over Row (Barbell)",3,65.0,15,0,0,,,
2019-10-16 13:06:33,"Midday Workout","Bent Over Row (Barbell)",4,65.0,15,0,0,,,
2019-10-16 13:06:33,"Midday Workout","Bent Over Row (Barbell)",5,65.0,15,0,0,,,
2019-10-16 13:06:33,"Midday Workout","Band Pullaparts",1,0,15,0,0,"",,
2019-10-16 13:06:33,"Midday Workout","Band Pullaparts",2,0,15,0,0,,,
2019-10-16 13:06:33,"Midday Workout","Band Pullaparts",3,0,15,0,0,,,
2019-10-16 13:06:33,"Midday Workout","Band Pullaparts",4,0,15,0,0,,,
2019-10-16 13:06:33,"Midday Workout","Band Pullaparts",5,0,15,0,0,,,
2019-10-18 13:04:31,"Midday Workout","Deadlift (Barbell)",1,135.0,5,0,0,"","",
2019-10-18 13:04:31,"Midday Workout","Deadlift (Barbell)",2,149.99999999999997,5,0,0,,,
2019-10-18 13:04:31,"Midday Workout","Deadlift (Barbell)",3,180.0,3,0,0,,,
2019-10-18 13:04:31,"Midday Workout","Deadlift (Barbell)",4,210.0,3,0,0,,,
2019-10-18 13:04:31,"Midday Workout","Deadlift (Barbell)",5,240.0,3,0,0,,,
2019-10-18 13:04:31,"Midday Workout","Deadlift (Barbell)",6,270.0,3,0,0,,,
2019-10-18 13:04:31,"Midday Workout","Glute Bridge",1,0,12,0,0,"",,
2019-10-18 13:04:31,"Midday Workout","Glute Bridge",2,0,12,0,0,,,
2019-10-18 13:04:31,"Midday Workout","Glute Bridge",3,0,12,0,0,,,
2019-10-18 13:04:31,"Midday Workout","Deadbugs",1,0,10,0,0,"",,
2019-10-18 13:04:31,"Midday Workout","Deadbugs",2,0,10,0,0,,,
2019-10-18 13:04:31,"Midday Workout","Deadbugs",3,0,10,0,0,,,
2019-10-18 13:04:31,"Midday Workout","Reverse Crunch",1,0.0,10,0,0,"",,
2019-10-18 13:04:31,"Midday Workout","Reverse Crunch",2,0.0,10,0,0,,,
2019-10-18 13:04:31,"Midday Workout","Reverse Crunch",3,0.0,10,0,0,,,
2019-10-18 13:04:31,"Midday Workout","Birddogs",1,0,12,0,0,"",,
2019-10-18 13:04:31,"Midday Workout","Birddogs",2,0,12,0,0,,,
2019-10-18 13:04:31,"Midday Workout","Birddogs",3,0,12,0,0,,,
2019-10-18 13:04:31,"Midday Workout","Superman",1,0,10,0,0,"",,
2019-10-18 13:04:31,"Midday Workout","Superman",2,0,10,0,0,,,
2019-10-18 13:04:31,"Midday Workout","Superman",3,0,10,0,0,,,
2019-10-18 13:04:31,"Midday Workout","Side Plank",1,0,0,0,40,"",,
2019-10-18 13:04:31,"Midday Workout","Side Plank",2,0,0,0,40,,,
2019-10-18 13:04:31,"Midday Workout","Side Plank",3,0,0,0,40,,,
2019-10-19 12:12:54,"Midday Workout","Bench Press (Barbell)",1,70.0,5,0,0,"","",
2019-10-19 12:12:54,"Midday Workout","Bench Press (Barbell)",2,90.0,5,0,0,,,
2019-10-19 12:12:54,"Midday Workout","Bench Press (Barbell)",3,105.0,5,0,0,,,
2019-10-19 12:12:54,"Midday Workout","Bench Press (Barbell)",4,125.0,3,0,0,,,
2019-10-19 12:12:54,"Midday Workout","Bench Press (Barbell)",5,140.0,3,0,0,,,
2019-10-19 12:12:54,"Midday Workout","Bench Press (Barbell)",6,160.0,3,0,0,,,
2019-10-19 12:12:54,"Midday Workout","Bench Press (Barbell)",7,125.0,15,0,0,,,
2019-10-19 12:12:54,"Midday Workout","Band Pullaparts",1,0,15,0,0,"",,
2019-10-19 12:12:54,"Midday Workout","Band Pullaparts",2,0,15,0,0,,,
2019-10-19 12:12:54,"Midday Workout","Band Pullaparts",3,0,15,0,0,,,
2019-10-19 12:12:54,"Midday Workout","Band Pullaparts",4,0,15,0,0,,,
2019-10-19 12:12:54,"Midday Workout","Band Pullaparts",5,0,15,0,0,,,
2019-10-19 12:12:54,"Midday Workout","Band Pullaparts",6,0,15,0,0,,,
2019-10-19 12:12:54,"Midday Workout","Band Pullaparts",7,0,15,0,0,,,
2019-10-19 12:12:54,"Midday Workout","Pull Up",1,0.0,6,0,0,"",,
2019-10-19 12:12:54,"Midday Workout","Pull Up",2,0.0,6,0,0,,,
2019-10-19 12:12:54,"Midday Workout","Pull Up",3,0.0,6,0,0,,,
2019-10-19 12:12:54,"Midday Workout","Pull Up",4,0.0,6,0,0,,,
2019-10-19 12:12:54,"Midday Workout","Pull Up",5,0.0,6,0,0,,,
2019-10-19 12:12:54,"Midday Workout","Pull Up",6,0.0,6,0,0,,,
2019-10-19 12:12:54,"Midday Workout","Pull Up",7,0.0,6,0,0,,,
2019-10-19 12:12:54,"Midday Workout","Arnold Press (Dumbbell)",1,15.0,15,0,0,"",,
2019-10-19 12:12:54,"Midday Workout","Arnold Press (Dumbbell)",2,0.0,0,0,0,,,
2019-10-19 12:12:54,"Midday Workout","Arnold Press (Dumbbell)",3,0.0,0,0,0,,,
2019-10-19 12:12:54,"Midday Workout","Bent Over One Arm Row (Dumbbell)",1,45.0,10,0,0,"",,
2019-10-19 12:12:54,"Midday Workout","Bent Over One Arm Row (Dumbbell)",2,45.0,10,0,0,,,
2019-10-19 12:12:54,"Midday Workout","Bent Over One Arm Row (Dumbbell)",3,45.0,10,0,0,,,
2019-10-19 12:12:54,"Midday Workout","Overhead Press (Dumbbell)",1,15.0,15,0,0,"",,
2019-10-19 12:12:54,"Midday Workout","Overhead Press (Dumbbell)",2,15.0,13,0,0,,,
2019-10-19 12:12:54,"Midday Workout","Shoulder Big 3 - Ys",1,0,15,0,0,"",,
2019-10-19 12:12:54,"Midday Workout","Shoulder Big 3 - Ys",2,0,15,0,0,,,
2019-10-19 12:12:54,"Midday Workout","Shoulder Big 3 - Ys",3,0,15,0,0,,,
2019-10-19 12:12:54,"Midday Workout","Shoulder Big 3 - Flys",1,0,20,0,0,"",,
2019-10-19 12:12:54,"Midday Workout","Shoulder Big 3 - Flys",2,0,20,0,0,,,
2019-10-19 12:12:54,"Midday Workout","Shoulder Big 3 - Flys",3,0,15,0,0,,,
2019-10-19 12:12:54,"Midday Workout","Shoulder Big 3 - Rear Flys",1,0,30,0,0,"",,
2019-10-19 12:12:54,"Midday Workout","Shoulder Big 3 - Rear Flys",2,0,30,0,0,,,
2019-10-19 12:12:54,"Midday Workout","Shoulder Big 3 - Rear Flys",3,0,20,0,0,,,
2019-10-19 12:12:54,"Midday Workout","Incline Curl (Dumbbell)",1,15.0,10,0,0,"",,
2019-10-19 12:12:54,"Midday Workout","Incline Curl (Dumbbell)",2,15.0,10,0,0,,,
2019-10-19 12:12:54,"Midday Workout","Incline Curl (Dumbbell)",3,15.0,12,0,0,,,
2019-10-21 13:10:27,"Midday Workout","Squat (Barbell)",1,85.0,5,0,0,"","",
2019-10-21 13:10:27,"Midday Workout","Squat (Barbell)",2,105.0,5,0,0,,,
2019-10-21 13:10:27,"Midday Workout","Squat (Barbell)",3,130.0,3,0,0,,,
2019-10-21 13:10:27,"Midday Workout","Squat (Barbell)",4,140.0,3,0,0,,,
2019-10-21 13:10:27,"Midday Workout","Squat (Barbell)",5,170.0,3,0,0,,,
2019-10-21 13:10:27,"Midday Workout","Squat (Barbell)",6,190.0,3,0,0,,,
2019-10-21 13:10:27,"Midday Workout","Squat (Barbell)",7,149.99999999999997,10,0,0,,,
2019-10-21 13:10:27,"Midday Workout","Single Leg Glute Bridge",1,0,10,0,0,"",,
2019-10-21 13:10:27,"Midday Workout","Single Leg Glute Bridge",2,0,10,0,0,,,
2019-10-21 13:10:27,"Midday Workout","Single Leg Glute Bridge",3,0,10,0,0,,,
2019-10-21 13:10:27,"Midday Workout","Single Leg Glute Bridge",4,0,10,0,0,,,
2019-10-21 13:10:27,"Midday Workout","Single Leg Glute Bridge",5,0,10,0,0,,,
2019-10-21 13:10:27,"Midday Workout","Reverse Crunch",1,0.0,10,0,0,"",,
2019-10-21 13:10:27,"Midday Workout","Reverse Crunch",2,0.0,10,0,0,,,
2019-10-21 13:10:27,"Midday Workout","Reverse Crunch",3,0.0,10,0,0,,,
2019-10-21 13:10:27,"Midday Workout","Reverse Crunch",4,0.0,10,0,0,,,
2019-10-21 13:10:27,"Midday Workout","Reverse Crunch",5,0.0,10,0,0,,,
2019-10-23 13:47:42,"Midday Workout","Overhead Press (Barbell)",1,50.0,5,0,0,"","",
2019-10-23 13:47:42,"Midday Workout","Overhead Press (Barbell)",2,60.0,5,0,0,,,
2019-10-23 13:47:42,"Midday Workout","Overhead Press (Barbell)",3,70.0,3,0,0,,,
2019-10-23 13:47:42,"Midday Workout","Overhead Press (Barbell)",4,90.0,5,0,0,,,
2019-10-23 13:47:42,"Midday Workout","Overhead Press (Barbell)",5,100.0,3,0,0,,,
2019-10-23 13:47:42,"Midday Workout","Overhead Press (Barbell)",6,110.0,5,0,0,,,
2019-10-23 13:47:42,"Midday Workout","Overhead Press (Barbell)",7,110.0,5,0,0,,,
2019-10-23 13:47:42,"Midday Workout","Wide Pull Up",1,0,5,0,0,"",,
2019-10-23 13:47:42,"Midday Workout","Wide Pull Up",2,0,5,0,0,,,
2019-10-23 13:47:42,"Midday Workout","Wide Pull Up",3,0,3,0,0,,,
2019-10-23 13:47:42,"Midday Workout","Wide Pull Up",4,0,5,0,0,,,
2019-10-23 13:47:42,"Midday Workout","Wide Pull Up",5,0,5,0,0,,,
2019-10-23 13:47:42,"Midday Workout","Wide Pull Up",6,0,5,0,0,,,
2019-10-23 13:47:42,"Midday Workout","Band Pullaparts",1,0,15,0,0,"",,
2019-10-23 13:47:42,"Midday Workout","Band Pullaparts",2,0,15,0,0,,,
2019-10-23 13:47:42,"Midday Workout","Band Pullaparts",3,0,15,0,0,,,
2019-10-23 13:47:42,"Midday Workout","Band Pullaparts",4,0,15,0,0,,,
2019-10-23 13:47:42,"Midday Workout","Band Pullaparts",5,0,15,0,0,,,
2019-10-23 13:47:42,"Midday Workout","Band Pullaparts",6,0,15,0,0,,,
2019-10-23 13:47:42,"Midday Workout","Bench Press (Dumbbell)",1,30.0,15,0,0,"",,
2019-10-23 13:47:42,"Midday Workout","Bench Press (Dumbbell)",2,30.0,15,0,0,,,
2019-10-23 13:47:42,"Midday Workout","Bench Press (Dumbbell)",3,30.0,15,0,0,,,
2019-10-23 13:47:42,"Midday Workout","Bench Press (Dumbbell)",4,30.0,15,0,0,,,
2019-10-23 13:47:42,"Midday Workout","Bench Press (Dumbbell)",5,30.0,15,0,0,,,
2019-10-23 13:47:42,"Midday Workout","Pendlay Row (Barbell)",1,85.0,12,0,0,"",,
2019-10-23 13:47:42,"Midday Workout","Pendlay Row (Barbell)",2,85.0,12,0,0,,,
2019-10-23 13:47:42,"Midday Workout","Pendlay Row (Barbell)",3,85.0,12,0,0,,,
2019-10-23 13:47:42,"Midday Workout","Bent Over Row (Barbell)",1,85.0,10,0,0,"",,
2019-10-23 13:47:42,"Midday Workout","Bent Over Row (Barbell)",2,85.0,10,0,0,,,
2019-10-23 13:47:42,"Midday Workout","Bent Over Row (Barbell)",3,85.0,10,0,0,,,
2019-10-23 13:47:42,"Midday Workout","Bent Over Row (Barbell)",4,85.0,10,0,0,,,
2019-10-25 13:41:37,"Midday Workout","Squat (Barbell)",1,85.0,5,0,0,"","",
2019-10-25 13:41:37,"Midday Workout","Squat (Barbell)",2,105.0,5,0,0,,,
2019-10-25 13:41:37,"Midday Workout","Squat (Barbell)",3,130.0,3,0,0,,,
2019-10-25 13:41:37,"Midday Workout","Squat (Barbell)",4,160.0,5,0,0,,,
2019-10-25 13:41:37,"Midday Workout","Squat (Barbell)",5,180.0,3,0,0,,,
2019-10-25 13:41:37,"Midday Workout","Squat (Barbell)",6,200.0,3,0,0,,,
2019-10-25 13:41:37,"Midday Workout","Squat (Barbell)",7,200.0,3,0,0,,,
2019-10-25 13:41:37,"Midday Workout","Bulgarian Split Squat",1,0.0,10,0,0,"",,
2019-10-25 13:41:37,"Midday Workout","Bulgarian Split Squat",2,0.0,10,0,0,,,
2019-10-25 13:41:37,"Midday Workout","Bulgarian Split Squat",3,0.0,10,0,0,,,
2019-10-25 13:41:37,"Midday Workout","Deadbugs",1,0,10,0,0,"",,
2019-10-25 13:41:37,"Midday Workout","Deadbugs",2,0,10,0,0,,,
2019-10-25 13:41:37,"Midday Workout","Deadbugs",3,0,10,0,0,,,
2019-10-25 13:41:37,"Midday Workout","Good Morning (Barbell)",1,45.0,10,0,0,"",,
2019-10-25 13:41:37,"Midday Workout","Good Morning (Barbell)",2,45.0,10,0,0,,,
2019-10-25 13:41:37,"Midday Workout","Good Morning (Barbell)",3,45.0,10,0,0,,,
2019-10-25 13:41:37,"Midday Workout","Single Leg Glute Bridge",1,0,10,0,0,"",,
2019-10-25 13:41:37,"Midday Workout","Single Leg Glute Bridge",2,0,12,0,0,,,
2019-10-25 13:41:37,"Midday Workout","Single Leg Glute Bridge",3,0,12,0,0,,,
2019-10-25 13:41:37,"Midday Workout","Side Plank",1,0,0,0,40,"",,
2019-10-25 13:41:37,"Midday Workout","Side Plank",2,0,0,0,40,,,
2019-10-25 13:41:37,"Midday Workout","Side Plank",3,0,0,0,40,,,
2019-10-26 12:09:25,"Smart Mans Bench","Bench Press (Barbell)",1,70.0,5,0,0,"","",
2019-10-26 12:09:25,"Smart Mans Bench","Bench Press (Barbell)",2,90.0,5,0,0,,,
2019-10-26 12:09:25,"Smart Mans Bench","Bench Press (Barbell)",3,105.0,3,0,0,,,
2019-10-26 12:09:25,"Smart Mans Bench","Bench Press (Barbell)",4,130.0,5,0,0,,,
2019-10-26 12:09:25,"Smart Mans Bench","Bench Press (Barbell)",5,149.99999999999997,3,0,0,,,
2019-10-26 12:09:25,"Smart Mans Bench","Bench Press (Barbell)",6,165.0,7,0,0,,,
2019-10-26 12:09:25,"Smart Mans Bench","Band Pullaparts",1,0,15,0,0,"",,
2019-10-26 12:09:25,"Smart Mans Bench","Band Pullaparts",2,0,15,0,0,,,
2019-10-26 12:09:25,"Smart Mans Bench","Band Pullaparts",3,0,15,0,0,,,
2019-10-26 12:09:25,"Smart Mans Bench","Band Pullaparts",4,0,15,0,0,,,
2019-10-26 12:09:25,"Smart Mans Bench","Band Pullaparts",5,0,15,0,0,,,
2019-10-26 12:09:25,"Smart Mans Bench","Band Pullaparts",6,0,15,0,0,,,
2019-10-26 12:09:25,"Smart Mans Bench","Pull Up",1,0.0,6,0,0,"",,
2019-10-26 12:09:25,"Smart Mans Bench","Pull Up",2,0.0,6,0,0,,,
2019-10-26 12:09:25,"Smart Mans Bench","Pull Up",3,0.0,6,0,0,,,
2019-10-26 12:09:25,"Smart Mans Bench","Pull Up",4,0.0,6,0,0,,,
2019-10-26 12:09:25,"Smart Mans Bench","Pull Up",5,0.0,6,0,0,,,
2019-10-26 12:09:25,"Smart Mans Bench","Pull Up",6,0.0,6,0,0,,,
2019-10-26 12:09:25,"Smart Mans Bench","Bent Over One Arm Row (Dumbbell)",1,45.0,12,0,0,"",,
2019-10-26 12:09:25,"Smart Mans Bench","Bent Over One Arm Row (Dumbbell)",2,45.0,10,0,0,,,
2019-10-26 12:09:25,"Smart Mans Bench","Bent Over One Arm Row (Dumbbell)",3,30.0,20,0,0,,,
2019-10-26 12:09:25,"Smart Mans Bench","Overhead Press (Dumbbell)",1,15.0,15,0,0,"",,
2019-10-26 12:09:25,"Smart Mans Bench","Overhead Press (Dumbbell)",2,15.0,15,0,0,,,
2019-10-26 12:09:25,"Smart Mans Bench","Overhead Press (Dumbbell)",3,15.0,15,0,0,,,
2019-10-26 12:09:25,"Smart Mans Bench","Band Rows",1,0,25,0,0,"",,
2019-10-26 12:09:25,"Smart Mans Bench","Band Rows",2,0,25,0,0,,,
2019-10-26 12:09:25,"Smart Mans Bench","Band Rows",3,0,25,0,0,,,
2019-10-26 12:09:25,"Smart Mans Bench","Overhead Tricep Extension Stepping",1,15.0,20,0,0,"",,
2019-10-26 12:09:25,"Smart Mans Bench","Overhead Tricep Extension Stepping",2,15.0,20,0,0,,,
2019-10-26 12:09:25,"Smart Mans Bench","Overhead Tricep Extension Stepping",3,15.0,20,0,0,,,
2019-10-26 12:09:25,"Smart Mans Bench","Overhead Tricep Extension Stepping",4,15.0,20,0,0,,,
2019-10-26 12:09:25,"Smart Mans Bench","Overhead Tricep Extension Stepping",5,20.0,20,0,0,,,
2019-10-28 13:53:51,"Midday Workout","Deadlift (Barbell)",1,135.0,5,0,0,"","",
2019-10-28 13:53:51,"Midday Workout","Deadlift (Barbell)",2,149.99999999999997,5,0,0,,,
2019-10-28 13:53:51,"Midday Workout","Deadlift (Barbell)",3,180.0,3,0,0,,,
2019-10-28 13:53:51,"Midday Workout","Deadlift (Barbell)",4,225.0,5,0,0,,,
2019-10-28 13:53:51,"Midday Workout","Deadlift (Barbell)",5,255.0,3,0,0,,,
2019-10-28 13:53:51,"Midday Workout","Deadlift (Barbell)",6,285.0,5,0,0,,,
2019-10-28 13:53:51,"Midday Workout","Reverse Crunch",1,0.0,10,0,0,"",,
2019-10-28 13:53:51,"Midday Workout","Reverse Crunch",2,0.0,10,0,0,,,
2019-10-28 13:53:51,"Midday Workout","Reverse Crunch",3,0.0,10,0,0,,,
2019-10-28 13:53:51,"Midday Workout","Reverse Crunch",4,0.0,10,0,0,,,
2019-10-28 13:53:51,"Midday Workout","Reverse Crunch",5,0.0,10,0,0,,,
2019-10-28 13:53:51,"Midday Workout","Saggital Kneeling Lunge",1,0.0,10,0,0,"",,
2019-10-28 13:53:51,"Midday Workout","Saggital Kneeling Lunge",2,10.0,10,0,0,,,
2019-10-28 13:53:51,"Midday Workout","Saggital Kneeling Lunge",3,10.0,10,0,0,,,
2019-10-28 13:53:51,"Midday Workout","Suitcase Deadlift",1,25.0,10,0,0,"",,
2019-10-28 13:53:51,"Midday Workout","Suitcase Deadlift",2,25.0,10,0,0,,,
2019-10-28 13:53:51,"Midday Workout","Suitcase Deadlift",3,25.0,10,0,0,,,
2019-10-28 13:53:51,"Midday Workout","Landmines",1,10.0,10,0,0,"",,
2019-10-28 13:53:51,"Midday Workout","Landmines",2,10.0,10,0,0,,,
2019-10-28 13:53:51,"Midday Workout","Landmines",3,10.0,10,0,0,,,
2019-10-30 13:16:06,"Midday Workout","Overhead Press (Barbell)",1,45.0,7,0,0,"","",
2019-10-30 13:16:06,"Midday Workout","Overhead Press (Barbell)",2,65.0,7,0,0,,,
2019-10-30 13:16:06,"Midday Workout","Overhead Press (Barbell)",3,74.99999999999999,10,0,0,,,
2019-10-30 13:16:06,"Midday Workout","Overhead Press (Barbell)",4,74.99999999999999,10,0,0,,,
2019-10-30 13:16:06,"Midday Workout","Overhead Press (Barbell)",5,74.99999999999999,7,0,0,,,
2019-10-30 13:16:06,"Midday Workout","Pull Up",1,0.0,7,0,0,"",,
2019-10-30 13:16:06,"Midday Workout","Pull Up",2,0.0,7,0,0,,,
2019-10-30 13:16:06,"Midday Workout","Pull Up",3,0.0,7,0,0,,,
2019-10-30 13:16:06,"Midday Workout","Pull Up",4,0.0,7,0,0,,,
2019-10-30 13:16:06,"Midday Workout","Pull Up",5,0.0,7,0,0,,,
2019-10-30 13:16:06,"Midday Workout","Bench Press (Dumbbell)",1,30.0,15,0,0,"",,
2019-10-30 13:16:06,"Midday Workout","Bench Press (Dumbbell)",2,30.0,15,0,0,,,
2019-10-30 13:16:06,"Midday Workout","Bench Press (Dumbbell)",3,30.0,15,0,0,,,
2019-10-30 13:16:06,"Midday Workout","Bent Over Row (Barbell)",1,74.99999999999999,15,0,0,"",,
2019-10-30 13:16:06,"Midday Workout","Bent Over Row (Barbell)",2,74.99999999999999,15,0,0,,,
2019-10-30 13:16:06,"Midday Workout","Bent Over Row (Barbell)",3,74.99999999999999,15,0,0,,,
2019-10-30 13:16:06,"Midday Workout","Bent Over Row (Barbell)",4,45.0,20,0,0,,,
2019-10-30 13:16:06,"Midday Workout","Bent Over Row (Barbell)",5,45.0,20,0,0,,,
2019-10-30 13:16:06,"Midday Workout","Bent Over Row (Barbell)",6,45.0,20,0,0,,,
2019-10-30 13:16:06,"Midday Workout","Bent Over Row (Barbell)",7,45.0,20,0,0,,,
2019-10-30 13:16:06,"Midday Workout","Band Pullaparts",1,0,20,0,0,"",,
2019-10-30 13:16:06,"Midday Workout","Band Pullaparts",2,0,20,0,0,,,
2019-10-30 13:16:06,"Midday Workout","Band Pullaparts",3,0,20,0,0,,,
2019-10-30 13:16:06,"Midday Workout","Overhead Tricep Extension Stepping",1,15.0,20,0,0,"",,
2019-10-30 13:16:06,"Midday Workout","Overhead Tricep Extension Stepping",2,15.0,20,0,0,,,
2019-10-30 13:16:06,"Midday Workout","Overhead Tricep Extension Stepping",3,20.0,20,0,0,,,
2019-10-30 13:16:06,"Midday Workout","Bicep Curl (Barbell)",1,20.0,12,0,0,"",,
2019-10-30 13:16:06,"Midday Workout","Bicep Curl (Barbell)",2,20.0,12,0,0,,,
2019-10-30 13:16:06,"Midday Workout","Bicep Curl (Barbell)",3,20.0,12,0,0,,,
2019-11-04 13:20:05,"Midday Workout","Overhead Press (Barbell)",1,50.0,5,0,0,"","",
2019-11-04 13:20:05,"Midday Workout","Overhead Press (Barbell)",2,60.0,5,0,0,,,
2019-11-04 13:20:05,"Midday Workout","Overhead Press (Barbell)",3,74.99999999999999,3,0,0,,,
2019-11-04 13:20:05,"Midday Workout","Overhead Press (Barbell)",4,80.0,5,0,0,,,
2019-11-04 13:20:05,"Midday Workout","Overhead Press (Barbell)",5,90.0,5,0,0,,,
2019-11-04 13:20:05,"Midday Workout","Overhead Press (Barbell)",6,100.0,7,0,0,,,
2019-11-04 13:20:05,"Midday Workout","Wide Pull Up",1,0,6,0,0,"",,
2019-11-04 13:20:05,"Midday Workout","Wide Pull Up",2,0,5,0,0,,,
2019-11-04 13:20:05,"Midday Workout","Wide Pull Up",3,0,4,0,0,,,
2019-11-04 13:20:05,"Midday Workout","Wide Pull Up",4,0,5,0,0,,,
2019-11-04 13:20:05,"Midday Workout","Wide Pull Up",5,0,5,0,0,,,
2019-11-04 13:20:05,"Midday Workout","Wide Pull Up",6,0,5,0,0,,,
2019-11-04 13:20:05,"Midday Workout","Band Pullaparts",1,0,15,0,0,"",,
2019-11-04 13:20:05,"Midday Workout","Band Pullaparts",2,0,15,0,0,,,
2019-11-04 13:20:05,"Midday Workout","Band Pullaparts",3,0,15,0,0,,,
2019-11-04 13:20:05,"Midday Workout","Band Pullaparts",4,0,15,0,0,,,
2019-11-04 13:20:05,"Midday Workout","Band Pullaparts",5,0,15,0,0,,,
2019-11-04 13:20:05,"Midday Workout","Band Pullaparts",6,0,15,0,0,,,
2019-11-04 13:20:05,"Midday Workout","Bench Press (Dumbbell)",1,30.0,20,0,0,"",,
2019-11-04 13:20:05,"Midday Workout","Bench Press (Dumbbell)",2,30.0,15,0,0,,,
2019-11-04 13:20:05,"Midday Workout","Bench Press (Dumbbell)",3,30.0,15,0,0,,,
2019-11-04 13:20:05,"Midday Workout","Bent Over Row (Barbell)",1,65.0,20,0,0,"",,
2019-11-04 13:20:05,"Midday Workout","Bent Over Row (Barbell)",2,65.0,20,0,0,,,
2019-11-04 13:20:05,"Midday Workout","Bent Over Row (Barbell)",3,65.0,20,0,0,,,
2019-11-04 13:20:05,"Midday Workout","Bent Over Row (Barbell)",4,45.0,20,0,0,,,
2019-11-04 13:20:05,"Midday Workout","Lateral Raise (Dumbbell)",1,5.0,25,0,0,"",,
2019-11-04 13:20:05,"Midday Workout","Lateral Raise (Dumbbell)",2,5.0,20,0,0,,,
2019-11-04 13:20:05,"Midday Workout","Lateral Raise (Dumbbell)",3,5.0,20,0,0,,,
2019-11-04 13:20:05,"Midday Workout","Curl Trifecta",1,10.0,10,0,0,"",,
2019-11-04 13:20:05,"Midday Workout","Curl Trifecta",2,10.0,10,0,0,,,
2019-11-04 13:20:05,"Midday Workout","Curl Trifecta",3,10.0,12,0,0,,,
2019-11-04 13:20:05,"Midday Workout","Overhead Tricep Extension Stepping",1,15.0,20,0,0,"",,
2019-11-04 13:20:05,"Midday Workout","Overhead Tricep Extension Stepping",2,20.0,20,0,0,,,
2019-11-04 13:20:05,"Midday Workout","Overhead Tricep Extension Stepping",3,20.0,20,0,0,,,
2019-11-04 13:20:05,"Midday Workout","Shoulder Big 3 - Rear Flys",1,0,30,0,0,"",,
2019-11-04 13:20:05,"Midday Workout","Shoulder Big 3 - Rear Flys",2,0,30,0,0,,,
2019-11-04 13:20:05,"Midday Workout","Shoulder Big 3 - Rear Flys",3,0,30,0,0,,,
2019-11-04 13:20:05,"Midday Workout","Shoulder Big 3 - Flys",1,0,30,0,0,"",,
2019-11-04 13:20:05,"Midday Workout","Shoulder Big 3 - Flys",2,0,30,0,0,,,
2019-11-04 13:20:05,"Midday Workout","Shoulder Big 3 - Flys",3,0,40,0,0,,,
2019-11-06 13:43:56,"Midday Workout","Squat (Barbell)",1,90.0,5,0,0,"","",
2019-11-06 13:43:56,"Midday Workout","Squat (Barbell)",2,115.0,5,0,0,,,
2019-11-06 13:43:56,"Midday Workout","Squat (Barbell)",3,135.0,3,0,0,,,
2019-11-06 13:43:56,"Midday Workout","Squat (Barbell)",4,145.0,5,0,0,,,
2019-11-06 13:43:56,"Midday Workout","Squat (Barbell)",5,170.0,5,0,0,,,
2019-11-06 13:43:56,"Midday Workout","Squat (Barbell)",6,190.0,5,0,0,,,
2019-11-06 13:43:56,"Midday Workout","Bulgarian Split Squat",1,0.0,12,0,0,"",,
2019-11-06 13:43:56,"Midday Workout","Bulgarian Split Squat",2,0.0,12,0,0,,,
2019-11-06 13:43:56,"Midday Workout","Bulgarian Split Squat",3,0.0,12,0,0,,,
2019-11-06 13:43:56,"Midday Workout","Cossack Squat",1,0.0,10,0,0,"",,
2019-11-06 13:43:56,"Midday Workout","Cossack Squat",2,0.0,10,0,0,,,
2019-11-06 13:43:56,"Midday Workout","Cossack Squat",3,0.0,10,0,0,,,
2019-11-06 13:43:56,"Midday Workout","Deadbugs",1,0,10,0,0,"",,
2019-11-06 13:43:56,"Midday Workout","Deadbugs",2,0,10,0,0,,,
2019-11-06 13:43:56,"Midday Workout","Deadbugs",3,0,10,0,0,,,
2019-11-08 13:16:15,"Midday Workout","Bench Press (Barbell)",1,74.99999999999999,5,0,0,"","",
2019-11-08 13:16:15,"Midday Workout","Bench Press (Barbell)",2,90.0,5,0,0,,,
2019-11-08 13:16:15,"Midday Workout","Bench Press (Barbell)",3,110.0,3,0,0,,,
2019-11-08 13:16:15,"Midday Workout","Bench Press (Barbell)",4,115.0,5,0,0,,,
2019-11-08 13:16:15,"Midday Workout","Bench Press (Barbell)",5,135.0,5,0,0,,,
2019-11-08 13:16:15,"Midday Workout","Bench Press (Barbell)",6,149.99999999999997,10,0,0,,,
2019-11-08 13:16:15,"Midday Workout","Pull Up",1,0.0,8,0,0,"",,
2019-11-08 13:16:15,"Midday Workout","Pull Up",2,0.0,7,0,0,,,
2019-11-08 13:16:15,"Midday Workout","Pull Up",3,0.0,7,0,0,,,
2019-11-08 13:16:15,"Midday Workout","Pull Up",4,0.0,7,0,0,,,
2019-11-08 13:16:15,"Midday Workout","Pull Up",5,0.0,6,0,0,,,
2019-11-08 13:16:15,"Midday Workout","Band Pullaparts",1,0,20,0,0,"",,
2019-11-08 13:16:15,"Midday Workout","Band Pullaparts",2,0,20,0,0,,,
2019-11-08 13:16:15,"Midday Workout","Band Pullaparts",3,0,20,0,0,,,
2019-11-08 13:16:15,"Midday Workout","Band Pullaparts",4,0,20,0,0,,,
2019-11-08 13:16:15,"Midday Workout","Band Pullaparts",5,0,20,0,0,,,
2019-11-08 13:16:15,"Midday Workout","Band Pullaparts",6,0,20,0,0,,,
2019-11-08 13:16:15,"Midday Workout","Bent Over Row (Barbell)",1,65.0,20,0,0,"",,
2019-11-08 13:16:15,"Midday Workout","Bent Over Row (Barbell)",2,65.0,20,0,0,,,
2019-11-08 13:16:15,"Midday Workout","Bent Over Row (Barbell)",3,65.0,20,0,0,,,
2019-11-08 13:16:15,"Midday Workout","Overhead Press (Dumbbell)",1,15.0,20,0,0,"",,
2019-11-08 13:16:15,"Midday Workout","Overhead Press (Dumbbell)",2,15.0,20,0,0,,,
2019-11-08 13:16:15,"Midday Workout","Overhead Press (Dumbbell)",3,15.0,20,0,0,,,
2019-11-08 13:16:15,"Midday Workout","Waiters Carry",1,15.0,1,0,0,"",,
2019-11-08 13:16:15,"Midday Workout","Waiters Carry",2,30.0,1,0,0,,,
2019-11-08 13:16:15,"Midday Workout","Waiters Carry",3,30.0,1,0,0,,,
2019-11-09 14:56:19,"Afternoon Workout","Deadlift (Barbell)",1,135.0,5,0,0,"","",
2019-11-09 14:56:19,"Afternoon Workout","Deadlift (Barbell)",2,149.99999999999997,5,0,0,,,
2019-11-09 14:56:19,"Afternoon Workout","Deadlift (Barbell)",3,180.0,3,0,0,,,
2019-11-09 14:56:19,"Afternoon Workout","Deadlift (Barbell)",4,200.0,5,0,0,,,
2019-11-09 14:56:19,"Afternoon Workout","Deadlift (Barbell)",5,230.0,5,0,0,,,
2019-11-09 14:56:19,"Afternoon Workout","Deadlift (Barbell)",6,265.0,5,0,0,,,
2019-11-09 14:56:19,"Afternoon Workout","Saggital Kneeling Lunge",1,20.0,10,0,0,"",,
2019-11-09 14:56:19,"Afternoon Workout","Saggital Kneeling Lunge",2,20.0,10,0,0,,,
2019-11-09 14:56:19,"Afternoon Workout","Saggital Kneeling Lunge",3,20.0,10,0,0,,,
2019-11-09 14:56:19,"Afternoon Workout","Suitcase Deadlift",1,25.0,10,0,0,"",,
2019-11-09 14:56:19,"Afternoon Workout","Suitcase Deadlift",2,25.0,10,0,0,,,
2019-11-09 14:56:19,"Afternoon Workout","Suitcase Deadlift",3,25.0,10,0,0,,,
2019-11-09 14:56:19,"Afternoon Workout","Landmines",1,20.0,10,0,0,"",,
2019-11-09 14:56:19,"Afternoon Workout","Landmines",2,20.0,10,0,0,,,
2019-11-09 14:56:19,"Afternoon Workout","Landmines",3,20.0,10,0,0,,,
2019-11-11 13:18:42,"Midday Workout","Overhead Press (Dumbbell)",1,30.0,5,0,0,"","",
2019-11-11 13:18:42,"Midday Workout","Overhead Press (Dumbbell)",2,35.0,6,0,0,,,
2019-11-11 13:18:42,"Midday Workout","Overhead Press (Dumbbell)",3,40.0,5,0,0,,,
2019-11-11 13:18:42,"Midday Workout","Overhead Press (Dumbbell)",4,45.0,5,0,0,,,
2019-11-11 13:18:42,"Midday Workout","Overhead Press (Dumbbell)",5,50.0,3,0,0,,,
2019-11-11 13:18:42,"Midday Workout","Overhead Press (Dumbbell)",6,50.0,3,0,0,,,
2019-11-11 13:18:42,"Midday Workout","Wide Pull Up",1,0.0,6,0,0,"",,
2019-11-11 13:18:42,"Midday Workout","Wide Pull Up",2,0.0,6,0,0,,,
2019-11-11 13:18:42,"Midday Workout","Wide Pull Up",3,0.0,6,0,0,,,
2019-11-11 13:18:42,"Midday Workout","Wide Pull Up",4,0.0,6,0,0,,,
2019-11-11 13:18:42,"Midday Workout","Wide Pull Up",5,0.0,5,0,0,,,
2019-11-11 13:18:42,"Midday Workout","Wide Pull Up",6,0.0,6,0,0,,,
2019-11-11 13:18:42,"Midday Workout","Band Pullaparts",1,0,20,0,0,"",,
2019-11-11 13:18:42,"Midday Workout","Band Pullaparts",2,0,20,0,0,,,
2019-11-11 13:18:42,"Midday Workout","Band Pullaparts",3,0,20,0,0,,,
2019-11-11 13:18:42,"Midday Workout","Band Pullaparts",4,0,20,0,0,,,
2019-11-11 13:18:42,"Midday Workout","Band Pullaparts",5,0,20,0,0,,,
2019-11-11 13:18:42,"Midday Workout","Band Pullaparts",6,0,20,0,0,,,
2019-11-11 13:18:42,"Midday Workout","Bench Press (Dumbbell)",1,35.0,15,0,0,"",,
2019-11-11 13:18:42,"Midday Workout","Bench Press (Dumbbell)",2,35.0,15,0,0,,,
2019-11-11 13:18:42,"Midday Workout","Bench Press (Dumbbell)",3,35.0,15,0,0,,,
2019-11-11 13:18:42,"Midday Workout","Bent Over One Arm Row (Dumbbell)",1,35.0,12,0,0,"",,
2019-11-11 13:18:42,"Midday Workout","Bent Over One Arm Row (Dumbbell)",2,35.0,12,0,0,,,
2019-11-11 13:18:42,"Midday Workout","Bent Over One Arm Row (Dumbbell)",3,35.0,12,0,0,,,
2019-11-11 13:18:42,"Midday Workout","Waiters Carry",1,35.0,1,0,0,"",,
2019-11-11 13:18:42,"Midday Workout","Waiters Carry",2,35.0,1,0,0,,,
2019-11-11 13:18:42,"Midday Workout","Waiters Carry",3,35.0,1,0,0,,,
2019-11-11 13:18:42,"Midday Workout","Single Arm Dumbbell Press",1,35.0,10,0,0,"",,
2019-11-11 13:18:42,"Midday Workout","Single Arm Dumbbell Press",2,35.0,10,0,0,,,
2019-11-11 13:18:42,"Midday Workout","Single Arm Dumbbell Press",3,35.0,10,0,0,,,
2019-11-13 13:41:45,"Midday Workout","Squat (Barbell)",1,90.0,5,0,0,"","",
2019-11-13 13:41:45,"Midday Workout","Squat (Barbell)",2,115.0,5,0,0,,,
2019-11-13 13:41:45,"Midday Workout","Squat (Barbell)",3,135.0,3,0,0,,,
2019-11-13 13:41:45,"Midday Workout","Squat (Barbell)",4,155.0,5,0,0,,,
2019-11-13 13:41:45,"Midday Workout","Squat (Barbell)",5,180.0,3,0,0,,,
2019-11-13 13:41:45,"Midday Workout","Squat (Barbell)",6,200.0,3,0,0,,,
2019-11-13 13:41:45,"Midday Workout","Bulgarian Split Squat",1,0.0,10,0,0,"",,
2019-11-13 13:41:45,"Midday Workout","Bulgarian Split Squat",2,0.0,10,0,0,,,
2019-11-13 13:41:45,"Midday Workout","Bulgarian Split Squat",3,0.0,10,0,0,,,
2019-11-13 13:41:45,"Midday Workout","Reverse Crunch",1,0.0,12,0,0,"",,
2019-11-13 13:41:45,"Midday Workout","Reverse Crunch",2,0.0,12,0,0,,,
2019-11-13 13:41:45,"Midday Workout","Reverse Crunch",3,0.0,12,0,0,,,
2019-11-13 13:41:45,"Midday Workout","Cossack Squat",1,0.0,10,0,0,"",,
2019-11-13 13:41:45,"Midday Workout","Cossack Squat",2,10.0,10,0,0,,,
2019-11-13 13:41:45,"Midday Workout","Cossack Squat",3,10.0,10,0,0,,,
2019-11-18 13:24:29,"Midday Workout","Bench Press (Barbell)",1,74.99999999999999,5,0,0,"","",
2019-11-18 13:24:29,"Midday Workout","Bench Press (Barbell)",2,90.0,5,0,0,,,
2019-11-18 13:24:29,"Midday Workout","Bench Press (Barbell)",3,110.0,3,0,0,,,
2019-11-18 13:24:29,"Midday Workout","Bench Press (Barbell)",4,125.0,3,0,0,,,
2019-11-18 13:24:29,"Midday Workout","Bench Press (Barbell)",5,145.0,3,0,0,,,
2019-11-18 13:24:29,"Midday Workout","Bench Press (Barbell)",6,160.0,10,0,0,,,
2019-11-18 13:24:29,"Midday Workout","Pull Up",1,0.0,7,0,0,"",,
2019-11-18 13:24:29,"Midday Workout","Pull Up",2,0.0,6,0,0,,,
2019-11-18 13:24:29,"Midday Workout","Pull Up",3,0.0,6,0,0,,,
2019-11-18 13:24:29,"Midday Workout","Pull Up",4,0.0,6,0,0,,,
2019-11-18 13:24:29,"Midday Workout","Pull Up",5,0.0,6,0,0,,,
2019-11-18 13:24:29,"Midday Workout","Pull Up",6,0.0,6,0,0,,,
2019-11-18 13:24:29,"Midday Workout","Band Pullaparts",1,0,20,0,0,"",,
2019-11-18 13:24:29,"Midday Workout","Band Pullaparts",2,0,20,0,0,,,
2019-11-18 13:24:29,"Midday Workout","Band Pullaparts",3,0,20,0,0,,,
2019-11-18 13:24:29,"Midday Workout","Band Pullaparts",4,0,20,0,0,,,
2019-11-18 13:24:29,"Midday Workout","Band Pullaparts",5,0,20,0,0,,,
2019-11-18 13:24:29,"Midday Workout","Band Pullaparts",6,0,20,0,0,,,
2019-11-18 13:24:29,"Midday Workout","Overhead Press (Dumbbell)",1,20.0,15,0,0,"",,
2019-11-18 13:24:29,"Midday Workout","Overhead Press (Dumbbell)",2,20.0,10,0,0,,,
2019-11-18 13:24:29,"Midday Workout","Overhead Press (Dumbbell)",3,20.0,10,0,0,,,
2019-11-18 13:24:29,"Midday Workout","Bent Over One Arm Row (Dumbbell)",1,40.0,12,0,0,"",,
2019-11-18 13:24:29,"Midday Workout","Bent Over One Arm Row (Dumbbell)",2,40.0,12,0,0,,,
2019-11-18 13:24:29,"Midday Workout","Bent Over One Arm Row (Dumbbell)",3,40.0,12,0,0,,,
2019-11-18 13:24:29,"Midday Workout","Lateral Raise (Dumbbell)",1,5.0,20,0,0,"",,
2019-11-18 13:24:29,"Midday Workout","Lateral Raise (Dumbbell)",2,10.0,10,0,0,,,
2019-11-18 13:24:29,"Midday Workout","Lateral Raise (Dumbbell)",3,10.0,10,0,0,,,
2019-11-20 13:41:52,"Midday Workout","Deadlift (Barbell)",1,125.0,5,0,0,"","",
2019-11-20 13:41:52,"Midday Workout","Deadlift (Barbell)",2,155.0,5,0,0,,,
2019-11-20 13:41:52,"Midday Workout","Deadlift (Barbell)",3,185.00000000000003,3,0,0,,,
2019-11-20 13:41:52,"Midday Workout","Deadlift (Barbell)",4,215.0,3,0,0,,,
2019-11-20 13:41:52,"Midday Workout","Deadlift (Barbell)",5,245.00000000000003,3,0,0,,,
2019-11-20 13:41:52,"Midday Workout","Deadlift (Barbell)",6,280.0,3,0,0,,,
2019-11-20 13:41:52,"Midday Workout","Reverse Crunch",1,0.0,10,0,0,"",,
2019-11-20 13:41:52,"Midday Workout","Reverse Crunch",2,0.0,10,0,0,,,
2019-11-20 13:41:52,"Midday Workout","Reverse Crunch",3,0.0,10,0,0,,,
2019-11-20 13:41:52,"Midday Workout","Reverse Crunch",4,0.0,10,0,0,,,
2019-11-20 13:41:52,"Midday Workout","Reverse Crunch",5,0.0,10,0,0,,,
2019-11-20 13:41:52,"Midday Workout","Reverse Crunch",6,0.0,10,0,0,,,
2019-11-20 13:41:52,"Midday Workout","Single Leg Glute Bridge",1,0,12,0,0,"",,
2019-11-20 13:41:52,"Midday Workout","Single Leg Glute Bridge",2,0,12,0,0,,,
2019-11-20 13:41:52,"Midday Workout","Single Leg Glute Bridge",3,0,12,0,0,,,
2019-11-20 13:41:52,"Midday Workout","Single Leg Glute Bridge",4,0,12,0,0,,,
2019-11-20 13:41:52,"Midday Workout","Single Leg Glute Bridge",5,0,12,0,0,,,
2019-11-20 13:41:52,"Midday Workout","Stir The Pots",1,0,7,0,0,"",,
2019-11-20 13:41:52,"Midday Workout","Stir The Pots",2,0,7,0,0,,,
2019-11-20 13:41:52,"Midday Workout","Stir The Pots",3,0,7,0,0,,,
2019-11-20 13:41:52,"Midday Workout","Stir The Pots",4,0,7,0,0,,,
2019-11-20 13:41:52,"Midday Workout","Stir The Pots",5,0,7,0,0,,,
2019-11-22 13:10:53,"Midday Workout","Overhead Press (Barbell)",1,50.0,5,0,0,"","",
2019-11-22 13:10:53,"Midday Workout","Overhead Press (Barbell)",2,60.0,5,0,0,,,
2019-11-22 13:10:53,"Midday Workout","Overhead Press (Barbell)",3,74.99999999999999,3,0,0,,,
2019-11-22 13:10:53,"Midday Workout","Overhead Press (Barbell)",4,90.0,5,0,0,,,
2019-11-22 13:10:53,"Midday Workout","Overhead Press (Barbell)",5,100.0,3,0,0,,,
2019-11-22 13:10:53,"Midday Workout","Overhead Press (Barbell)",6,115.0,6,0,0,,,
2019-11-22 13:10:53,"Midday Workout","Wide Pull Up",1,0.0,6,0,0,"",,
2019-11-22 13:10:53,"Midday Workout","Wide Pull Up",2,0.0,6,0,0,,,
2019-11-22 13:10:53,"Midday Workout","Wide Pull Up",3,0.0,5,0,0,,,
2019-11-22 13:10:53,"Midday Workout","Wide Pull Up",4,0.0,5,0,0,,,
2019-11-22 13:10:53,"Midday Workout","Wide Pull Up",5,0.0,5,0,0,,,
2019-11-22 13:10:53,"Midday Workout","Wide Pull Up",6,0.0,5,0,0,,,
2019-11-22 13:10:53,"Midday Workout","Bench Press (Dumbbell)",1,40.0,10,0,0,"",,
2019-11-22 13:10:53,"Midday Workout","Bench Press (Dumbbell)",2,40.0,10,0,0,,,
2019-11-22 13:10:53,"Midday Workout","Bench Press (Dumbbell)",3,40.0,10,0,0,,,
2019-11-22 13:10:53,"Midday Workout","Bench Press (Dumbbell)",4,40.0,10,0,0,,,
2019-11-22 13:10:53,"Midday Workout","Bench Press (Dumbbell)",5,40.0,10,0,0,,,
2019-11-22 13:10:53,"Midday Workout","Bent Over One Arm Row (Dumbbell)",1,40.0,12,0,0,"",,
2019-11-22 13:10:53,"Midday Workout","Bent Over One Arm Row (Dumbbell)",2,40.0,12,0,0,,,
2019-11-22 13:10:53,"Midday Workout","Bent Over One Arm Row (Dumbbell)",3,40.0,12,0,0,,,
2019-11-22 13:10:53,"Midday Workout","Bent Over One Arm Row (Dumbbell)",4,40.0,12,0,0,,,
2019-11-22 13:10:53,"Midday Workout","Bent Over One Arm Row (Dumbbell)",5,40.0,12,0,0,,,
2019-11-22 13:10:53,"Midday Workout","Triceps Extension (Dumbbell)",1,35.0,10,0,0,"",,
2019-11-22 13:10:53,"Midday Workout","Triceps Extension (Dumbbell)",2,35.0,10,0,0,,,
2019-11-22 13:10:53,"Midday Workout","Triceps Extension (Dumbbell)",3,35.0,10,0,0,,,
2019-11-22 13:10:53,"Midday Workout","Triceps Extension (Dumbbell)",4,35.0,10,0,0,,,
2019-11-22 13:10:53,"Midday Workout","Triceps Extension (Dumbbell)",5,35.0,10,0,0,,,
2019-11-22 13:10:53,"Midday Workout","Face Pull (Cable)",1,10.0,20,0,0,"",,
2019-11-22 13:10:53,"Midday Workout","Face Pull (Cable)",2,10.0,20,0,0,,,
2019-11-22 13:10:53,"Midday Workout","Face Pull (Cable)",3,10.0,20,0,0,,,
2019-11-22 13:10:53,"Midday Workout","Band Tri Pulldown",1,0,20,0,0,"",,
2019-11-22 13:10:53,"Midday Workout","Band Tri Pulldown",2,0,20,0,0,,,
2019-11-22 13:10:53,"Midday Workout","Band Tri Pulldown",3,0,20,0,0,,,
2019-11-24 13:06:52,"Midday Workout","Squat (Barbell)",1,90.0,5,0,0,"","",
2019-11-24 13:06:52,"Midday Workout","Squat (Barbell)",2,115.0,5,0,0,,,
2019-11-24 13:06:52,"Midday Workout","Squat (Barbell)",3,135.0,3,0,0,,,
2019-11-24 13:06:52,"Midday Workout","Squat (Barbell)",4,170.0,5,0,0,,,
2019-11-24 13:06:52,"Midday Workout","Squat (Barbell)",5,190.0,3,0,0,,,
2019-11-24 13:06:52,"Midday Workout","Squat (Barbell)",6,210.0,3,0,0,,,
2019-11-24 13:06:52,"Midday Workout","Hanging Leg Raise",1,0,5,0,0,"",,
2019-11-24 13:06:52,"Midday Workout","Hanging Leg Raise",2,0,5,0,0,,,
2019-11-24 13:06:52,"Midday Workout","Hanging Leg Raise",3,0,5,0,0,,,
2019-11-24 13:06:52,"Midday Workout","Hanging Leg Raise",4,0,5,0,0,,,
2019-11-24 13:06:52,"Midday Workout","Hanging Leg Raise",5,0,5,0,0,,,
2019-11-24 13:06:52,"Midday Workout","Hanging Leg Raise",6,0,5,0,0,,,
2019-11-24 13:06:52,"Midday Workout","Bulgarian Split Squat",1,0.0,10,0,0,"",,
2019-11-24 13:06:52,"Midday Workout","Bulgarian Split Squat",2,0.0,10,0,0,,,
2019-11-24 13:06:52,"Midday Workout","Bulgarian Split Squat",3,0.0,10,0,0,,,
2019-11-24 13:06:52,"Midday Workout","Stomach Vacuums",1,0,0,0,30,"",,
2019-11-24 13:06:52,"Midday Workout","Stomach Vacuums",2,0,0,0,30,,,
2019-11-26 08:35:48,"Morning Workout","Bench Press (Barbell)",1,74.99999999999999,5,0,0,"","",
2019-11-26 08:35:48,"Morning Workout","Bench Press (Barbell)",2,90.0,5,0,0,,,
2019-11-26 08:35:48,"Morning Workout","Bench Press (Barbell)",3,110.0,3,0,0,,,
2019-11-26 08:35:48,"Morning Workout","Bench Press (Barbell)",4,135.0,5,0,0,,,
2019-11-26 08:35:48,"Morning Workout","Bench Press (Barbell)",5,149.99999999999997,3,0,0,,,
2019-11-26 08:35:48,"Morning Workout","Bench Press (Barbell)",6,170.0,5,0,0,,,
2019-11-26 08:35:48,"Morning Workout","Pull Up",1,0.0,6,0,0,"",,
2019-11-26 08:35:48,"Morning Workout","Pull Up",2,0.0,6,0,0,,,
2019-11-26 08:35:48,"Morning Workout","Pull Up",3,0.0,3,0,0,,,
2019-11-26 08:35:48,"Morning Workout","Pull Up",4,0.0,6,0,0,,,
2019-11-26 08:35:48,"Morning Workout","Pull Up",5,0.0,6,0,0,,,
2019-11-26 08:35:48,"Morning Workout","Pull Up",6,0.0,6,0,0,,,
2019-11-26 08:35:48,"Morning Workout","Incline Bench Press (Dumbbell)",1,30.0,10,0,0,"",,
2019-11-26 08:35:48,"Morning Workout","Incline Bench Press (Dumbbell)",2,30.0,12,0,0,,,
2019-11-26 08:35:48,"Morning Workout","Incline Bench Press (Dumbbell)",3,35.0,10,0,0,,,
2019-11-26 08:35:48,"Morning Workout","Incline Bench Press (Dumbbell)",4,35.0,10,0,0,,,
2019-11-26 08:35:48,"Morning Workout","Incline Bench Press (Dumbbell)",5,35.0,10,0,0,,,
2019-11-26 08:35:48,"Morning Workout","Bent Over One Arm Row (Dumbbell)",1,40.0,12,0,0,"",,
2019-11-26 08:35:48,"Morning Workout","Bent Over One Arm Row (Dumbbell)",2,40.0,12,0,0,,,
2019-11-26 08:35:48,"Morning Workout","Bent Over One Arm Row (Dumbbell)",3,40.0,15,0,0,,,
2019-11-26 08:35:48,"Morning Workout","Bent Over One Arm Row (Dumbbell)",4,40.0,15,0,0,,,
2019-11-26 08:35:48,"Morning Workout","Bent Over One Arm Row (Dumbbell)",5,40.0,15,0,0,,,
2019-11-27 13:10:58,"Midday Workout","Deadlift (Barbell)",1,125.0,5,0,0,"","",
2019-11-27 13:10:58,"Midday Workout","Deadlift (Barbell)",2,155.0,5,0,0,,,
2019-11-27 13:10:58,"Midday Workout","Deadlift (Barbell)",3,185.00000000000003,3,0,0,,,
2019-11-27 13:10:58,"Midday Workout","Deadlift (Barbell)",4,230.0,5,0,0,,,
2019-11-27 13:10:58,"Midday Workout","Deadlift (Barbell)",5,265.0,3,0,0,,,
2019-11-27 13:10:58,"Midday Workout","Deadlift (Barbell)",6,315.0,3,0,0,,,
2019-11-27 13:10:58,"Midday Workout","Hanging Leg Raise",1,0,5,0,0,"",,
2019-11-27 13:10:58,"Midday Workout","Hanging Leg Raise",2,0,5,0,0,,,
2019-11-27 13:10:58,"Midday Workout","Hanging Leg Raise",3,0,5,0,0,,,
2019-11-27 13:10:58,"Midday Workout","Hanging Leg Raise",4,0,5,0,0,,,
2019-11-27 13:10:58,"Midday Workout","Hanging Leg Raise",5,0,5,0,0,,,
2019-11-27 13:10:58,"Midday Workout","Hanging Leg Raise",6,0,5,0,0,,,
2019-11-27 13:10:58,"Midday Workout","Suitcase Deadlift",1,30.0,10,0,0,"",,
2019-11-27 13:10:58,"Midday Workout","Suitcase Deadlift",2,30.0,10,0,0,,,
2019-11-27 13:10:58,"Midday Workout","Suitcase Deadlift",3,30.0,10,0,0,,,
2019-11-27 13:10:58,"Midday Workout","Reverse Landmine",1,45.0,5,0,0,"",,
2019-11-27 13:10:58,"Midday Workout","Reverse Landmine",2,45.0,10,0,0,,,
2019-11-27 13:10:58,"Midday Workout","Reverse Landmine",3,45.0,10,0,0,,,
2019-11-28 11:07:42,"Morning Workout","Z-Press",1,65.0,10,0,0,"Fat grips","",
2019-11-28 11:07:42,"Morning Workout","Z-Press",2,65.0,10,0,0,,,
2019-11-28 11:07:42,"Morning Workout","Z-Press",3,65.0,10,0,0,,,
2019-11-28 11:07:42,"Morning Workout","Z-Press",4,65.0,10,0,0,,,
2019-11-28 11:07:42,"Morning Workout","Z-Press",5,65.0,10,0,0,,,
2019-11-28 11:07:42,"Morning Workout","Wide Pull Up",1,0.0,5,0,0,"",,
2019-11-28 11:07:42,"Morning Workout","Wide Pull Up",2,0.0,5,0,0,,,
2019-11-28 11:07:42,"Morning Workout","Wide Pull Up",3,0.0,5,0,0,,,
2019-11-28 11:07:42,"Morning Workout","Wide Pull Up",4,0.0,5,0,0,,,
2019-11-28 11:07:42,"Morning Workout","Wide Pull Up",5,0.0,5,0,0,,,
2019-11-28 11:07:42,"Morning Workout","Band Pullaparts",1,0,20,0,0,"",,
2019-11-28 11:07:42,"Morning Workout","Band Pullaparts",2,0,20,0,0,,,
2019-11-28 11:07:42,"Morning Workout","Band Pullaparts",3,0,20,0,0,,,
2019-11-28 11:07:42,"Morning Workout","Chest Fly (Cable)",1,7.5,15,0,0,"",,
2019-11-28 11:07:42,"Morning Workout","Chest Fly (Cable)",2,10.0,20,0,0,,,
2019-11-28 11:07:42,"Morning Workout","Chest Fly (Cable)",3,10.0,20,0,0,,,
2019-11-28 11:07:42,"Morning Workout","Chest Fly (Cable)",4,10.0,20,0,0,,,
2019-11-28 11:07:42,"Morning Workout","Bent Over Row (Barbell)",1,85.0,15,0,0,"",,
2019-11-28 11:07:42,"Morning Workout","Bent Over Row (Barbell)",2,85.0,15,0,0,,,
2019-11-28 11:07:42,"Morning Workout","Bent Over Row (Barbell)",3,85.0,15,0,0,,,
2019-11-28 11:07:42,"Morning Workout","Bent Over Row (Barbell)",4,85.0,15,0,0,,,
2019-11-28 11:07:42,"Morning Workout","Shrug (Barbell)",1,85.0,15,0,0,"",,
2019-11-28 11:07:42,"Morning Workout","Shrug (Barbell)",2,85.0,15,0,0,,,
2019-11-28 11:07:42,"Morning Workout","Shrug (Dumbbell)",1,50.0,15,0,0,"",,
2019-11-28 11:07:42,"Morning Workout","Shrug (Dumbbell)",2,50.0,15,0,0,,,
2019-11-28 11:07:42,"Morning Workout","Shrug (Dumbbell)",3,50.0,15,0,0,,,
2019-11-28 11:07:42,"Morning Workout","Shrug (Dumbbell)",4,30.0,25,0,0,,,
2019-11-28 11:07:42,"Morning Workout","Ez Bar Curl",1,20.0,12,0,0,"",,
2019-11-28 11:07:42,"Morning Workout","Ez Bar Curl",2,20.0,12,0,0,,,
2019-11-28 11:07:42,"Morning Workout","Ez Bar Curl",3,20.0,12,0,0,,,
2019-11-28 11:07:42,"Morning Workout","Dumbbell Tricep Extension",1,35.0,12,0,0,"",,
2019-11-28 11:07:42,"Morning Workout","Dumbbell Tricep Extension",2,35.0,15,0,0,,,
2019-11-28 11:07:42,"Morning Workout","Dumbbell Tricep Extension",3,35.0,15,0,0,,,
2019-12-04 12:57:47,"Midday Workout","Bench Press (Barbell)",1,45.0,10,0,0,"","",
2019-12-04 12:57:47,"Midday Workout","Bench Press (Barbell)",2,85.0,5,0,0,,,
2019-12-04 12:57:47,"Midday Workout","Bench Press (Barbell)",3,115.0,5,0,0,,,
2019-12-04 12:57:47,"Midday Workout","Bench Press (Barbell)",4,135.0,3,0,0,,,
2019-12-04 12:57:47,"Midday Workout","Bench Press (Barbell)",5,155.0,5,0,0,,,
2019-12-04 12:57:47,"Midday Workout","Bench Press (Barbell)",6,115.0,10,0,0,,,
2019-12-04 12:57:47,"Midday Workout","Bench Press (Barbell)",7,115.0,10,0,0,,,
2019-12-04 12:57:47,"Midday Workout","Bench Press (Barbell)",8,115.0,10,0,0,,,
2019-12-04 12:57:47,"Midday Workout","Bench Press (Barbell)",9,115.0,10,0,0,,,
2019-12-04 12:57:47,"Midday Workout","Bench Press (Barbell)",10,115.0,10,0,0,,,
2019-12-04 12:57:47,"Midday Workout","Band Pullaparts",1,0,20,0,0,"",,
2019-12-04 12:57:47,"Midday Workout","Band Pullaparts",2,0,20,0,0,,,
2019-12-04 12:57:47,"Midday Workout","Band Pullaparts",3,0,20,0,0,,,
2019-12-04 12:57:47,"Midday Workout","Band Pullaparts",4,0,20,0,0,,,
2019-12-04 12:57:47,"Midday Workout","Band Pullaparts",5,0,20,0,0,,,
2019-12-04 12:57:47,"Midday Workout","Pull Up",1,0.0,7,0,0,"",,
2019-12-04 12:57:47,"Midday Workout","Pull Up",2,0.0,7,0,0,,,
2019-12-04 12:57:47,"Midday Workout","Pull Up",3,0.0,7,0,0,,,
2019-12-04 12:57:47,"Midday Workout","Pull Up",4,0.0,6,0,0,,,
2019-12-04 12:57:47,"Midday Workout","Pull Up",5,0.0,5,0,0,,,
2019-12-04 12:57:47,"Midday Workout","Pull Up",6,0.0,5,0,0,,,
2019-12-04 12:57:47,"Midday Workout","Face Pull (Cable)",1,20.0,15,0,0,"",,
2019-12-04 12:57:47,"Midday Workout","Face Pull (Cable)",2,10.0,20,0,0,,,
2019-12-04 12:57:47,"Midday Workout","Face Pull (Cable)",3,10.0,20,0,0,,,
2019-12-04 12:57:47,"Midday Workout","Face Pull (Cable)",4,10.0,20,0,0,,,
2019-12-04 12:57:47,"Midday Workout","Face Pull (Cable)",5,10.0,20,0,0,,,
2019-12-04 12:57:47,"Midday Workout","Bent Over One Arm Row (Dumbbell)",1,50.0,10,0,0,"",,
2019-12-04 12:57:47,"Midday Workout","Bent Over One Arm Row (Dumbbell)",2,50.0,10,0,0,,,
2019-12-04 12:57:47,"Midday Workout","Bent Over One Arm Row (Dumbbell)",3,50.0,10,0,0,,,
2019-12-04 12:57:47,"Midday Workout","Bent Over One Arm Row (Dumbbell)",4,50.0,10,0,0,,,
2019-12-04 12:57:47,"Midday Workout","Bent Over One Arm Row (Dumbbell)",5,50.0,10,0,0,,,
2019-12-04 12:57:47,"Midday Workout","Band Tri Pulldown",1,0,20,0,0,"",,
2019-12-04 12:57:47,"Midday Workout","Band Tri Pulldown",2,0,20,0,0,,,
2019-12-04 12:57:47,"Midday Workout","Band Tri Pulldown",3,0,25,0,0,,,
2019-12-04 12:57:47,"Midday Workout","Band Tri Pulldown",4,0,25,0,0,,,
2019-12-04 12:57:47,"Midday Workout","Band Tri Pulldown",5,0,25,0,0,,,
2019-12-08 12:25:25,"Midday Workout","Squat (Barbell)",1,45.0,5,0,0,"","",
2019-12-08 12:25:25,"Midday Workout","Squat (Barbell)",2,95.0,5,0,0,,,
2019-12-08 12:25:25,"Midday Workout","Squat (Barbell)",3,135.0,3,0,0,,,
2019-12-08 12:25:25,"Midday Workout","Squat (Barbell)",4,175.0,3,0,0,,,
2019-12-08 12:25:25,"Midday Workout","Squat (Barbell)",5,195.0,5,0,0,,,
2019-12-08 12:25:25,"Midday Workout","Squat (Barbell)",6,120.0,10,0,0,,,
2019-12-08 12:25:25,"Midday Workout","Squat (Barbell)",7,120.0,10,0,0,,,
2019-12-08 12:25:25,"Midday Workout","Squat (Barbell)",8,120.0,10,0,0,,,
2019-12-08 12:25:25,"Midday Workout","Ab Wheel",1,0,10,0,0,"",,
2019-12-08 12:25:25,"Midday Workout","Ab Wheel",2,0,10,0,0,,,
2019-12-08 12:25:25,"Midday Workout","Ab Wheel",3,0,10,0,0,,,
2019-12-16 13:06:00,"Midday Workout","Bench Press (Dumbbell)",1,25.0,10,0,0,"","",
2019-12-16 13:06:00,"Midday Workout","Bench Press (Dumbbell)",2,35.0,10,0,0,,,
2019-12-16 13:06:00,"Midday Workout","Bench Press (Dumbbell)",3,35.0,15,0,0,,,
2019-12-16 13:06:00,"Midday Workout","Bench Press (Dumbbell)",4,35.0,15,0,0,,,
2019-12-16 13:06:00,"Midday Workout","Bench Press (Dumbbell)",5,35.0,15,0,0,,,
2019-12-16 13:06:00,"Midday Workout","Bench Press (Dumbbell)",6,35.0,15,0,0,,,
2019-12-16 13:06:00,"Midday Workout","Band Pullaparts",1,0,20,0,0,"",,
2019-12-16 13:06:00,"Midday Workout","Band Pullaparts",2,0,20,0,0,,,
2019-12-16 13:06:00,"Midday Workout","Band Pullaparts",3,0,20,0,0,,,
2019-12-16 13:06:00,"Midday Workout","Band Pullaparts",4,0,20,0,0,,,
2019-12-16 13:06:00,"Midday Workout","Band Pullaparts",5,0,20,0,0,,,
2019-12-16 13:06:00,"Midday Workout","Band Pullaparts",6,0,20,0,0,,,
2019-12-16 13:06:00,"Midday Workout","Bent Over One Arm Row (Dumbbell)",1,45.0,15,0,0,"",,
2019-12-16 13:06:00,"Midday Workout","Bent Over One Arm Row (Dumbbell)",2,45.0,15,0,0,,,
2019-12-16 13:06:00,"Midday Workout","Bent Over One Arm Row (Dumbbell)",3,45.0,15,0,0,,,
2019-12-16 13:06:00,"Midday Workout","Bent Over One Arm Row (Dumbbell)",4,45.0,15,0,0,,,
2019-12-16 13:06:00,"Midday Workout","Bent Over One Arm Row (Dumbbell)",5,45.0,15,0,0,,,
2019-12-16 13:06:00,"Midday Workout","Dumbbell Tricep Extension",1,35.0,10,0,0,"",,
2019-12-16 13:06:00,"Midday Workout","Dumbbell Tricep Extension",2,40.0,10,0,0,,,
2019-12-16 13:06:00,"Midday Workout","Dumbbell Tricep Extension",3,40.0,10,0,0,,,
2019-12-16 13:06:00,"Midday Workout","Dumbbell Tricep Extension",4,40.0,10,0,0,,,
2019-12-16 13:06:00,"Midday Workout","Dumbbell Tricep Extension",5,40.0,10,0,0,,,
2019-12-16 13:06:00,"Midday Workout","Lateral Raise (Dumbbell)",1,5.0,25,0,0,"",,
2019-12-16 13:06:00,"Midday Workout","Lateral Raise (Dumbbell)",2,5.0,20,0,0,,,
2019-12-16 13:06:00,"Midday Workout","Lateral Raise (Dumbbell)",3,5.0,23,0,0,,,
2019-12-16 13:06:00,"Midday Workout","Shoulder Big 3 - Rear Flys",1,0,30,0,0,"",,
2019-12-16 13:06:00,"Midday Workout","Shoulder Big 3 - Rear Flys",2,0,30,0,0,,,
2019-12-16 13:06:00,"Midday Workout","Shoulder Big 3 - Rear Flys",3,0,30,0,0,,,
2019-12-16 13:06:00,"Midday Workout","Shoulder Big 3 - Flys",1,0,15,0,0,"",,
2019-12-16 13:06:00,"Midday Workout","Shoulder Big 3 - Flys",2,0,13,0,0,,,
2019-12-16 13:06:00,"Midday Workout","Shoulder Big 3 - Flys",3,0,12,0,0,,,
2019-12-17 07:24:58,"Early Morning Workout","Squat (Barbell)",1,90.0,5,0,0,"","",
2019-12-17 07:24:58,"Early Morning Workout","Squat (Barbell)",2,110.0,5,0,0,,,
2019-12-17 07:24:58,"Early Morning Workout","Squat (Barbell)",3,135.0,3,0,0,,,
2019-12-17 07:24:58,"Early Morning Workout","Squat (Barbell)",4,145.0,5,0,0,,,
2019-12-17 07:24:58,"Early Morning Workout","Squat (Barbell)",5,165.0,5,0,0,,,
2019-12-17 07:24:58,"Early Morning Workout","Squat (Barbell)",6,190.0,5,0,0,,,
2019-12-17 07:24:58,"Early Morning Workout","Squat (Barbell)",7,100.0,10,0,0,,,
2019-12-17 07:24:58,"Early Morning Workout","Squat (Barbell)",8,100.0,10,0,0,,,
2019-12-17 07:24:58,"Early Morning Workout","Squat (Barbell)",9,100.0,10,0,0,,,
2019-12-17 07:24:58,"Early Morning Workout","Squat (Barbell)",10,100.0,10,0,0,,,
2019-12-17 07:24:58,"Early Morning Workout","Squat (Barbell)",11,100.0,10,0,0,,,
2019-12-17 07:24:58,"Early Morning Workout","Ab Wheel",1,0,10,0,0,"",,
2019-12-17 07:24:58,"Early Morning Workout","Ab Wheel",2,0,10,0,0,,,
2019-12-17 07:24:58,"Early Morning Workout","Ab Wheel",3,0,10,0,0,,,
2019-12-17 07:24:58,"Early Morning Workout","Ab Wheel",4,0,10,0,0,,,
2019-12-17 07:24:58,"Early Morning Workout","Ab Wheel",5,0,10,0,0,,,
2019-12-17 07:24:58,"Early Morning Workout","Single Leg Glute Bridge",1,0,10,0,0,"",,
2019-12-17 07:24:58,"Early Morning Workout","Single Leg Glute Bridge",2,0,12,0,0,,,
2019-12-17 07:24:58,"Early Morning Workout","Single Leg Glute Bridge",3,0,12,0,0,,,
2019-12-19 16:51:40,"Afternoon Workout","Overhead Press (Barbell)",1,50.0,5,0,0,"","",
2019-12-19 16:51:40,"Afternoon Workout","Overhead Press (Barbell)",2,60.0,5,0,0,,,
2019-12-19 16:51:40,"Afternoon Workout","Overhead Press (Barbell)",3,74.99999999999999,3,0,0,,,
2019-12-19 16:51:40,"Afternoon Workout","Overhead Press (Barbell)",4,80.0,5,0,0,,,
2019-12-19 16:51:40,"Afternoon Workout","Overhead Press (Barbell)",5,90.0,5,0,0,,,
2019-12-19 16:51:40,"Afternoon Workout","Overhead Press (Barbell)",6,100.0,5,0,0,,,
2019-12-19 16:51:40,"Afternoon Workout","Wide Pull Up",1,0.0,8,0,0,"",,
2019-12-19 16:51:40,"Afternoon Workout","Wide Pull Up",2,0.0,8,0,0,,,
2019-12-19 16:51:40,"Afternoon Workout","Wide Pull Up",3,0.0,6,0,0,,,
2019-12-19 16:51:40,"Afternoon Workout","Wide Pull Up",4,0.0,6,0,0,,,
2019-12-19 16:51:40,"Afternoon Workout","Bench Press (Barbell)",1,65.0,7,0,0,"",,
2019-12-19 16:51:40,"Afternoon Workout","Bench Press (Barbell)",2,100.0,10,0,0,,,
2019-12-19 16:51:40,"Afternoon Workout","Bench Press (Barbell)",3,100.0,10,0,0,,,
2019-12-19 16:51:40,"Afternoon Workout","Bench Press (Barbell)",4,100.0,10,0,0,,,
2019-12-19 16:51:40,"Afternoon Workout","Bench Press (Barbell)",5,100.0,10,0,0,,,
2019-12-19 16:51:40,"Afternoon Workout","Bench Press (Barbell)",6,100.0,10,0,0,,,
2019-12-19 16:51:40,"Afternoon Workout","Bench Press (Barbell)",7,100.0,10,0,0,,,
2019-12-19 16:51:40,"Afternoon Workout","Z-Press",1,65.0,8,0,0,"",,
2019-12-19 16:51:40,"Afternoon Workout","Z-Press",2,65.0,5,0,0,,,
2019-12-19 16:51:40,"Afternoon Workout","Z-Press",3,65.0,6,0,0,,,
2019-12-19 16:51:40,"Afternoon Workout","Z-Press",4,65.0,6,0,0,,,
2019-12-19 16:51:40,"Afternoon Workout","Z-Press",5,65.0,6,0,0,,,
2019-12-19 16:51:40,"Afternoon Workout","Band Pullaparts",1,0,10,0,0,"",,
2019-12-19 16:51:40,"Afternoon Workout","Band Pullaparts",2,0,10,0,0,,,
2019-12-19 16:51:40,"Afternoon Workout","Band Pullaparts",3,0,12,0,0,,,
2019-12-19 16:51:40,"Afternoon Workout","Band Pullaparts",4,0,12,0,0,,,
2019-12-19 16:51:40,"Afternoon Workout","Band Pullaparts",5,0,12,0,0,,,
2019-12-30 15:09:58,"Afternoon Workout","Bench Press (Barbell)",1,70.0,5,0,0,"","",
2019-12-30 15:09:58,"Afternoon Workout","Bench Press (Barbell)",2,90.0,5,0,0,,,
2019-12-30 15:09:58,"Afternoon Workout","Bench Press (Barbell)",3,105.0,5,0,0,,,
2019-12-30 15:09:58,"Afternoon Workout","Bench Press (Barbell)",4,115.0,5,0,0,,,
2019-12-30 15:09:58,"Afternoon Workout","Bench Press (Barbell)",5,135.0,5,0,0,,,
2019-12-30 15:09:58,"Afternoon Workout","Bench Press (Barbell)",6,149.99999999999997,12,0,0,,,
2019-12-30 15:09:58,"Afternoon Workout","Bench Press (Barbell)",1,100.0,10,0,0,"",,
2019-12-30 15:09:58,"Afternoon Workout","Bench Press (Barbell)",2,100.0,10,0,0,,,
2019-12-30 15:09:58,"Afternoon Workout","Bench Press (Barbell)",3,100.0,10,0,0,,,
2019-12-30 15:09:58,"Afternoon Workout","Bench Press (Barbell)",4,100.0,10,0,0,,,
2019-12-30 15:09:58,"Afternoon Workout","Bench Press (Barbell)",5,100.0,10,0,0,,,
2019-12-30 15:09:58,"Afternoon Workout","Towel / Rope Pullups",1,0,5,0,0,"",,
2019-12-30 15:09:58,"Afternoon Workout","Towel / Rope Pullups",2,0,5,0,0,,,
2019-12-30 15:09:58,"Afternoon Workout","Towel / Rope Pullups",3,0,5,0,0,,,
2019-12-30 15:09:58,"Afternoon Workout","Towel / Rope Pullups",4,0,5,0,0,,,
2019-12-30 15:09:58,"Afternoon Workout","Towel / Rope Pullups",5,0,5,0,0,,,
2019-12-30 15:09:58,"Afternoon Workout","Bent Over One Arm Row (Dumbbell)",1,50.0,10,0,0,"",,
2019-12-30 15:09:58,"Afternoon Workout","Bent Over One Arm Row (Dumbbell)",2,50.0,10,0,0,,,
2019-12-30 15:09:58,"Afternoon Workout","Bent Over One Arm Row (Dumbbell)",3,50.0,10,0,0,,,
2019-12-30 15:09:58,"Afternoon Workout","Dumbbell Tricep Extension",1,40.0,10,0,0,"",,
2019-12-30 15:09:58,"Afternoon Workout","Dumbbell Tricep Extension",2,40.0,10,0,0,,,
2019-12-30 15:09:58,"Afternoon Workout","Dumbbell Tricep Extension",3,40.0,10,0,0,,,
2019-12-30 15:09:58,"Afternoon Workout","Triceps Pushdown (Cable - Straight Bar)",1,10.0,15,0,0,"",,
2019-12-30 15:09:58,"Afternoon Workout","Triceps Pushdown (Cable - Straight Bar)",2,10.0,10,0,0,,,
2019-12-30 15:09:58,"Afternoon Workout","Triceps Pushdown (Cable - Straight Bar)",3,10.0,10,0,0,,,
2020-01-02 13:03:14,"Midday Workout","Squat (Barbell)",1,90.0,5,0,0,"","",
2020-01-02 13:03:14,"Midday Workout","Squat (Barbell)",2,110.0,5,0,0,,,
2020-01-02 13:03:14,"Midday Workout","Squat (Barbell)",3,135.0,3,0,0,,,
2020-01-02 13:03:14,"Midday Workout","Squat (Barbell)",4,145.0,5,0,0,,,
2020-01-02 13:03:14,"Midday Workout","Squat (Barbell)",5,165.0,5,0,0,,,
2020-01-02 13:03:14,"Midday Workout","Squat (Barbell)",6,190.0,5,0,0,,,
2020-01-02 13:03:14,"Midday Workout","Squat (Barbell)",1,100.0,10,0,0,"",,
2020-01-02 13:03:14,"Midday Workout","Squat (Barbell)",2,100.0,10,0,0,,,
2020-01-02 13:03:14,"Midday Workout","Squat (Barbell)",3,100.0,10,0,0,,,
2020-01-02 13:03:14,"Midday Workout","Squat (Barbell)",4,100.0,10,0,0,,,
2020-01-02 13:03:14,"Midday Workout","Squat (Barbell)",5,100.0,10,0,0,,,
2020-01-02 13:03:14,"Midday Workout","Ab Wheel",1,0,10,0,0,"",,
2020-01-02 13:03:14,"Midday Workout","Ab Wheel",2,0,10,0,0,,,
2020-01-02 13:03:14,"Midday Workout","Ab Wheel",3,0,10,0,0,,,
2020-01-02 13:03:14,"Midday Workout","Ab Wheel",4,0,10,0,0,,,
2020-01-02 13:03:14,"Midday Workout","Ab Wheel",5,0,10,0,0,,,
2020-01-02 13:03:14,"Midday Workout","Thoracic Back Extension",1,0,20,0,0,"",,
2020-01-02 13:03:14,"Midday Workout","Thoracic Back Extension",2,0,25,0,0,,,
2020-01-02 13:03:14,"Midday Workout","Thoracic Back Extension",3,0,25,0,0,,,
2020-01-02 13:03:14,"Midday Workout","Thoracic Back Extension",4,0,25,0,0,,,
2020-01-02 13:03:14,"Midday Workout","Thoracic Back Extension",5,0,25,0,0,,,
2020-01-03 18:02:56,"Evening Workout","Overhead Press (Barbell)",1,50.0,5,0,0,"","",
2020-01-03 18:02:56,"Evening Workout","Overhead Press (Barbell)",2,60.0,5,0,0,,,
2020-01-03 18:02:56,"Evening Workout","Overhead Press (Barbell)",3,74.99999999999999,3,0,0,,,
2020-01-03 18:02:56,"Evening Workout","Overhead Press (Barbell)",4,80.0,5,0,0,,,
2020-01-03 18:02:56,"Evening Workout","Overhead Press (Barbell)",5,90.0,5,0,0,,,
2020-01-03 18:02:56,"Evening Workout","Overhead Press (Barbell)",6,100.0,8,0,0,,,
2020-01-03 18:02:56,"Evening Workout","Bench Press (Barbell)",1,100.0,10,0,0,"",,
2020-01-03 18:02:56,"Evening Workout","Bench Press (Barbell)",2,100.0,10,0,0,,,
2020-01-03 18:02:56,"Evening Workout","Bench Press (Barbell)",3,100.0,10,0,0,,,
2020-01-03 18:02:56,"Evening Workout","Bench Press (Barbell)",4,100.0,10,0,0,,,
2020-01-03 18:02:56,"Evening Workout","Bench Press (Barbell)",5,100.0,10,0,0,,,
2020-01-03 18:02:56,"Evening Workout","Wide Pull Up",1,0.0,7,0,0,"",,
2020-01-03 18:02:56,"Evening Workout","Wide Pull Up",2,0.0,6,0,0,,,
2020-01-03 18:02:56,"Evening Workout","Wide Pull Up",3,0.0,6,0,0,,,
2020-01-03 18:02:56,"Evening Workout","Wide Pull Up",4,0.0,6,0,0,,,
2020-01-03 18:02:56,"Evening Workout","Wide Pull Up",5,0.0,4,0,0,,,
2020-01-03 18:02:56,"Evening Workout","Bicep Curl (Dumbbell)",1,25.0,10,0,0,"",,
2020-01-03 18:02:56,"Evening Workout","Bicep Curl (Dumbbell)",2,20.0,10,0,0,,,
2020-01-03 18:02:56,"Evening Workout","Bicep Curl (Dumbbell)",3,20.0,10,0,0,,,
2020-01-03 18:02:56,"Evening Workout","Face Pull (Cable)",1,10.0,20,0,0,"",,
2020-01-03 18:02:56,"Evening Workout","Face Pull (Cable)",2,10.0,15,0,0,,,
2020-01-03 18:02:56,"Evening Workout","Face Pull (Cable)",3,10.0,15,0,0,,,
2020-01-03 18:02:56,"Evening Workout","Lu Lateral Raise",1,5.0,20,0,0,"",,
2020-01-03 18:02:56,"Evening Workout","Lu Lateral Raise",2,5.0,15,0,0,,,
2020-01-03 18:02:56,"Evening Workout","Lu Lateral Raise",3,5.0,15,0,0,,,
2020-01-05 11:36:15,"Morning Workout","Deadlift (Barbell)",1,125.0,5,0,0,"Weird day, miss calculated second working set","",
2020-01-05 11:36:15,"Morning Workout","Deadlift (Barbell)",2,155.0,5,0,0,,,
2020-01-05 11:36:15,"Morning Workout","Deadlift (Barbell)",3,185.00000000000003,3,0,0,,,
2020-01-05 11:36:15,"Morning Workout","Deadlift (Barbell)",4,230.0,5,0,0,,,
2020-01-05 11:36:15,"Morning Workout","Deadlift (Barbell)",5,230.0,3,0,0,,,
2020-01-05 11:36:15,"Morning Workout","Deadlift (Barbell)",6,260.0,7,0,0,,,
2020-01-05 11:36:15,"Morning Workout","Squat (Barbell)",1,100.0,10,0,0,"",,
2020-01-05 11:36:15,"Morning Workout","Squat (Barbell)",2,100.0,10,0,0,,,
2020-01-05 11:36:15,"Morning Workout","Squat (Barbell)",3,100.0,10,0,0,,,
2020-01-05 11:36:15,"Morning Workout","Squat (Barbell)",4,100.0,10,0,0,,,
2020-01-05 11:36:15,"Morning Workout","Squat (Barbell)",5,100.0,10,0,0,,,
2020-01-05 11:36:15,"Morning Workout","Ab Wheel",1,0,10,0,0,"",,
2020-01-05 11:36:15,"Morning Workout","Ab Wheel",2,0,10,0,0,,,
2020-01-05 11:36:15,"Morning Workout","Ab Wheel",3,0,10,0,0,,,
2020-01-05 11:36:15,"Morning Workout","Ab Wheel",4,0,10,0,0,,,
2020-01-05 11:36:15,"Morning Workout","Ab Wheel",5,0,10,0,0,,,
2020-01-06 14:07:00,"Afternoon Workout","Overhead Press (Barbell)",1,50.0,5,0,0,"","",
2020-01-06 14:07:00,"Afternoon Workout","Overhead Press (Barbell)",2,60.0,5,0,0,,,
2020-01-06 14:07:00,"Afternoon Workout","Overhead Press (Barbell)",3,74.99999999999999,3,0,0,,,
2020-01-06 14:07:00,"Afternoon Workout","Overhead Press (Barbell)",4,85.0,3,0,0,,,
2020-01-06 14:07:00,"Afternoon Workout","Overhead Press (Barbell)",5,95.0,3,0,0,,,
2020-01-06 14:07:00,"Afternoon Workout","Overhead Press (Barbell)",6,110.0,7,0,0,,,
2020-01-06 14:07:00,"Afternoon Workout","Bench Press (Barbell)",1,100.0,10,0,0,"",,
2020-01-06 14:07:00,"Afternoon Workout","Bench Press (Barbell)",2,100.0,10,0,0,,,
2020-01-06 14:07:00,"Afternoon Workout","Bench Press (Barbell)",3,100.0,10,0,0,,,
2020-01-06 14:07:00,"Afternoon Workout","Bench Press (Barbell)",4,100.0,10,0,0,,,
2020-01-06 14:07:00,"Afternoon Workout","Bench Press (Barbell)",5,100.0,10,0,0,,,
2020-01-06 14:07:00,"Afternoon Workout","Towel / Rope Pullups",1,0,5,0,0,"",,
2020-01-06 14:07:00,"Afternoon Workout","Towel / Rope Pullups",2,0,5,0,0,,,
2020-01-06 14:07:00,"Afternoon Workout","Towel / Rope Pullups",3,0,5,0,0,,,
2020-01-06 14:07:00,"Afternoon Workout","Towel / Rope Pullups",4,0,5,0,0,,,
2020-01-06 14:07:00,"Afternoon Workout","Pull Up",1,0.0,7,0,0,"",,
2020-01-06 14:07:00,"Afternoon Workout","Ez Bar Curl",1,20.0,12,0,0,"",,
2020-01-06 14:07:00,"Afternoon Workout","Ez Bar Curl",2,20.0,12,0,0,,,
2020-01-06 14:07:00,"Afternoon Workout","Ez Bar Curl",3,20.0,12,0,0,,,
2020-01-06 14:07:00,"Afternoon Workout","Lu Lateral Raise",1,5.0,20,0,0,"",,
2020-01-06 14:07:00,"Afternoon Workout","Lu Lateral Raise",2,5.0,20,0,0,,,
2020-01-06 14:07:00,"Afternoon Workout","Lu Lateral Raise",3,5.0,20,0,0,,,
2020-01-06 14:07:00,"Afternoon Workout","Lu Reverse Flys",1,5.0,15,0,0,"",,
2020-01-06 14:07:00,"Afternoon Workout","Lu Reverse Flys",2,5.0,15,0,0,,,
2020-01-06 14:07:00,"Afternoon Workout","Lu Reverse Flys",3,5.0,15,0,0,,,
2020-01-08 07:50:29,"Early Morning Workout","Deadlift (Barbell)",1,125.0,5,0,0,"","",
2020-01-08 07:50:29,"Early Morning Workout","Deadlift (Barbell)",2,155.0,5,0,0,,,
2020-01-08 07:50:29,"Early Morning Workout","Deadlift (Barbell)",3,185.00000000000003,3,0,0,,,
2020-01-08 07:50:29,"Early Morning Workout","Deadlift (Barbell)",4,215.0,3,0,0,,,
2020-01-08 07:50:29,"Early Morning Workout","Deadlift (Barbell)",5,245.00000000000003,3,0,0,,,
2020-01-08 07:50:29,"Early Morning Workout","Deadlift (Barbell)",6,280.0,7,0,0,,,
2020-01-08 07:50:29,"Early Morning Workout","Squat (Barbell)",1,100.0,10,0,0,"",,
2020-01-08 07:50:29,"Early Morning Workout","Squat (Barbell)",2,100.0,10,0,0,,,
2020-01-08 07:50:29,"Early Morning Workout","Squat (Barbell)",3,100.0,10,0,0,,,
2020-01-08 07:50:29,"Early Morning Workout","Squat (Barbell)",4,100.0,10,0,0,,,
2020-01-08 07:50:29,"Early Morning Workout","Squat (Barbell)",5,100.0,10,0,0,,,
2020-01-08 07:50:29,"Early Morning Workout","Ab Wheel",1,0,10,0,0,"",,
2020-01-08 07:50:29,"Early Morning Workout","Ab Wheel",2,0,10,0,0,,,
2020-01-08 07:50:29,"Early Morning Workout","Ab Wheel",3,0,10,0,0,,,
2020-01-08 07:50:29,"Early Morning Workout","Ab Wheel",4,0,10,0,0,,,
2020-01-08 07:50:29,"Early Morning Workout","Ab Wheel",5,0,10,0,0,,,
2020-01-08 07:50:29,"Early Morning Workout","Glute Ham Raise",1,0,10,0,0,"",,
2020-01-08 07:50:29,"Early Morning Workout","Glute Ham Raise",2,0,10,0,0,,,
2020-01-08 07:50:29,"Early Morning Workout","Glute Ham Raise",3,0,10,0,0,,,
2020-01-08 07:50:29,"Early Morning Workout","Reverse Hyper",1,25.0,8,0,0,"",,
2020-01-08 07:50:29,"Early Morning Workout","Reverse Hyper",2,25.0,10,0,0,,,
2020-01-09 07:01:14,"Early Morning Workout","Bench Press (Barbell)",1,70.0,5,0,0,"","",
2020-01-09 07:01:14,"Early Morning Workout","Bench Press (Barbell)",2,90.0,5,0,0,,,
2020-01-09 07:01:14,"Early Morning Workout","Bench Press (Barbell)",3,105.0,3,0,0,,,
2020-01-09 07:01:14,"Early Morning Workout","Bench Press (Barbell)",4,125.0,3,0,0,,,
2020-01-09 07:01:14,"Early Morning Workout","Bench Press (Barbell)",5,140.0,3,0,0,,,
2020-01-09 07:01:14,"Early Morning Workout","Bench Press (Barbell)",6,160.0,9,0,0,,,
2020-01-09 07:01:14,"Early Morning Workout","Bench Press (Barbell)",1,100.0,10,0,0,"",,
2020-01-09 07:01:14,"Early Morning Workout","Bench Press (Barbell)",2,100.0,10,0,0,,,
2020-01-09 07:01:14,"Early Morning Workout","Bench Press (Barbell)",3,100.0,10,0,0,,,
2020-01-09 07:01:14,"Early Morning Workout","Bench Press (Barbell)",4,100.0,10,0,0,,,
2020-01-09 07:01:14,"Early Morning Workout","Bench Press (Barbell)",5,100.0,10,0,0,,,
2020-01-09 07:01:14,"Early Morning Workout","Pull Up",1,0.0,9,0,0,"",,
2020-01-09 07:01:14,"Early Morning Workout","Pull Up",2,0.0,7,0,0,,,
2020-01-09 07:01:14,"Early Morning Workout","Pull Up",3,0.0,5,0,0,,,
2020-01-09 07:01:14,"Early Morning Workout","Pull Up",4,0.0,5,0,0,,,
2020-01-09 07:01:14,"Early Morning Workout","Pull Up",5,0.0,4,0,0,,,
2020-01-09 07:01:14,"Early Morning Workout","Bent Over One Arm Row (Dumbbell)",1,50.0,10,0,0,"",,
2020-01-09 07:01:14,"Early Morning Workout","Bent Over One Arm Row (Dumbbell)",2,50.0,10,0,0,,,
2020-01-09 07:01:14,"Early Morning Workout","Bent Over One Arm Row (Dumbbell)",3,50.0,10,0,0,,,
2020-01-09 07:01:14,"Early Morning Workout","Dumbbell Tricep Extension",1,40.0,10,0,0,"",,
2020-01-09 07:01:14,"Early Morning Workout","Dumbbell Tricep Extension",2,40.0,10,0,0,,,
2020-01-09 07:01:14,"Early Morning Workout","Dumbbell Tricep Extension",3,40.0,10,0,0,,,
2020-01-10 08:09:04,"Morning Workout","Squat (Barbell)",1,90.0,5,0,0,"","",
2020-01-10 08:09:04,"Morning Workout","Squat (Barbell)",2,110.0,5,0,0,,,
2020-01-10 08:09:04,"Morning Workout","Squat (Barbell)",3,135.0,3,0,0,,,
2020-01-10 08:09:04,"Morning Workout","Squat (Barbell)",4,155.0,3,0,0,,,
2020-01-10 08:09:04,"Morning Workout","Squat (Barbell)",5,180.0,3,0,0,,,
2020-01-10 08:09:04,"Morning Workout","Squat (Barbell)",6,200.0,5,0,0,,,
2020-01-10 08:09:04,"Morning Workout","Squat (Barbell)",1,100.0,10,0,0,"",,
2020-01-10 08:09:04,"Morning Workout","Squat (Barbell)",2,100.0,10,0,0,,,
2020-01-10 08:09:04,"Morning Workout","Squat (Barbell)",3,100.0,10,0,0,,,
2020-01-10 08:09:04,"Morning Workout","Squat (Barbell)",4,100.0,10,0,0,,,
2020-01-10 08:09:04,"Morning Workout","Squat (Barbell)",5,100.0,10,0,0,,,
2020-01-10 08:09:04,"Morning Workout","Flat Leg Raise",1,0,10,0,0,"",,
2020-01-10 08:09:04,"Morning Workout","Flat Leg Raise",2,0,10,0,0,,,
2020-01-10 08:09:04,"Morning Workout","Flat Leg Raise",3,0,10,0,0,,,
2020-01-10 08:09:04,"Morning Workout","Flat Leg Raise",4,0,10,0,0,,,
2020-01-10 08:09:04,"Morning Workout","Flat Leg Raise",5,0,10,0,0,,,
2020-01-13 18:30:49,"Evening Workout","Bench Press (Barbell)",1,70.0,5,0,0,"","",
2020-01-13 18:30:49,"Evening Workout","Bench Press (Barbell)",2,90.0,5,0,0,,,
2020-01-13 18:30:49,"Evening Workout","Bench Press (Barbell)",3,105.0,3,0,0,,,
2020-01-13 18:30:49,"Evening Workout","Bench Press (Barbell)",4,135.0,5,0,0,,,
2020-01-13 18:30:49,"Evening Workout","Bench Press (Barbell)",5,149.99999999999997,3,0,0,,,
2020-01-13 18:30:49,"Evening Workout","Bench Press (Barbell)",6,170.0,7,0,0,,,
2020-01-13 18:30:49,"Evening Workout","Bench Press (Barbell)",1,100.0,10,0,0,"",,
2020-01-13 18:30:49,"Evening Workout","Bench Press (Barbell)",2,100.0,10,0,0,,,
2020-01-13 18:30:49,"Evening Workout","Bench Press (Barbell)",3,100.0,10,0,0,,,
2020-01-13 18:30:49,"Evening Workout","Bench Press (Barbell)",4,100.0,10,0,0,,,
2020-01-13 18:30:49,"Evening Workout","Bench Press (Barbell)",5,100.0,10,0,0,,,
2020-01-13 18:30:49,"Evening Workout","Bent Over Row (Barbell)",1,100.0,10,0,0,"",,
2020-01-13 18:30:49,"Evening Workout","Bent Over Row (Barbell)",2,100.0,10,0,0,,,
2020-01-13 18:30:49,"Evening Workout","Bent Over Row (Barbell)",3,100.0,10,0,0,,,
2020-01-13 18:30:49,"Evening Workout","Bent Over Row (Barbell)",4,100.0,10,0,0,,,
2020-01-13 18:30:49,"Evening Workout","Bent Over Row (Barbell)",5,100.0,10,0,0,,,
2020-01-13 18:30:49,"Evening Workout","Pull Up",1,0.0,8,0,0,"",,
2020-01-13 18:30:49,"Evening Workout","Pull Up",2,0.0,6,0,0,,,
2020-01-13 18:30:49,"Evening Workout","Pull Up",3,0.0,5,0,0,,,
2020-01-13 18:30:49,"Evening Workout","Triceps Pushdown (Cable - Straight Bar)",1,10.0,30,0,0,"",,
2020-01-13 18:30:49,"Evening Workout","Triceps Pushdown (Cable - Straight Bar)",2,15.0,30,0,0,,,
2020-01-13 18:30:49,"Evening Workout","Triceps Pushdown (Cable - Straight Bar)",3,15.0,25,0,0,,,
2020-01-14 07:53:54,"Early Morning Workout","Squat (Barbell)",1,90.0,5,0,0,"","",
2020-01-14 07:53:54,"Early Morning Workout","Squat (Barbell)",2,110.0,5,0,0,,,
2020-01-14 07:53:54,"Early Morning Workout","Squat (Barbell)",3,135.0,3,0,0,,,
2020-01-14 07:53:54,"Early Morning Workout","Squat (Barbell)",4,160.0,5,0,0,,,
2020-01-14 07:53:54,"Early Morning Workout","Squat (Barbell)",5,195.0,3,0,0,,,
2020-01-14 07:53:54,"Early Morning Workout","Squat (Barbell)",6,210.0,5,0,0,,,
2020-01-14 07:53:54,"Early Morning Workout","Squat (Barbell)",1,100.0,10,0,0,"",,
2020-01-14 07:53:54,"Early Morning Workout","Squat (Barbell)",2,100.0,10,0,0,,,
2020-01-14 07:53:54,"Early Morning Workout","Squat (Barbell)",3,100.0,10,0,0,,,
2020-01-14 07:53:54,"Early Morning Workout","Squat (Barbell)",4,100.0,10,0,0,,,
2020-01-14 07:53:54,"Early Morning Workout","Squat (Barbell)",5,100.0,10,0,0,,,
2020-01-14 07:53:54,"Early Morning Workout","Ab Wheel",1,0,10,0,0,"",,
2020-01-14 07:53:54,"Early Morning Workout","Ab Wheel",2,0,10,0,0,,,
2020-01-14 07:53:54,"Early Morning Workout","Ab Wheel",3,0,10,0,0,,,
2020-01-14 07:53:54,"Early Morning Workout","Ab Wheel",4,0,10,0,0,,,
2020-01-14 07:53:54,"Early Morning Workout","Ab Wheel",5,0,10,0,0,,,
2020-01-16 07:59:21,"Early Morning Workout","Overhead Press (Barbell)",1,50.0,5,0,0,"","Did conditioning for first time",
2020-01-16 07:59:21,"Early Morning Workout","Overhead Press (Barbell)",2,60.0,5,0,0,,,
2020-01-16 07:59:21,"Early Morning Workout","Overhead Press (Barbell)",3,74.99999999999999,3,0,0,,,
2020-01-16 07:59:21,"Early Morning Workout","Overhead Press (Barbell)",4,90.0,5,0,0,,,
2020-01-16 07:59:21,"Early Morning Workout","Overhead Press (Barbell)",5,100.0,3,0,0,,,
2020-01-16 07:59:21,"Early Morning Workout","Overhead Press (Barbell)",6,115.0,4,0,0,,,
2020-01-16 07:59:21,"Early Morning Workout","Bench Press (Barbell)",1,100.0,10,0,0,"",,
2020-01-16 07:59:21,"Early Morning Workout","Bench Press (Barbell)",2,100.0,10,0,0,,,
2020-01-16 07:59:21,"Early Morning Workout","Bench Press (Barbell)",3,100.0,10,0,0,,,
2020-01-16 07:59:21,"Early Morning Workout","Bench Press (Barbell)",4,100.0,10,0,0,,,
2020-01-16 07:59:21,"Early Morning Workout","Bench Press (Barbell)",5,100.0,10,0,0,,,
2020-01-16 07:59:21,"Early Morning Workout","Wide Pull Up",1,0.0,8,0,0,"",,
2020-01-16 07:59:21,"Early Morning Workout","Wide Pull Up",2,0.0,7,0,0,,,
2020-01-16 07:59:21,"Early Morning Workout","Wide Pull Up",3,0.0,7,0,0,,,
2020-01-16 07:59:21,"Early Morning Workout","Wide Pull Up",4,0.0,5,0,0,,,
2020-01-16 07:59:21,"Early Morning Workout","Wide Pull Up",5,0.0,5,0,0,,,
2020-01-16 07:59:21,"Early Morning Workout","Bent Over One Arm Row (Dumbbell)",1,50.0,10,0,0,"",,
2020-01-16 07:59:21,"Early Morning Workout","Bent Over One Arm Row (Dumbbell)",2,50.0,10,0,0,,,
2020-01-16 07:59:21,"Early Morning Workout","Bent Over One Arm Row (Dumbbell)",3,50.0,10,0,0,,,
2020-01-16 07:59:21,"Early Morning Workout","Dumbbell Tricep Extension",1,452.00000000000006,10,0,0,"",,
2020-01-16 07:59:21,"Early Morning Workout","Dumbbell Tricep Extension",2,45.0,10,0,0,,,
2020-01-16 07:59:21,"Early Morning Workout","Dumbbell Tricep Extension",3,452.00000000000006,10,0,0,,,
2020-01-16 07:59:21,"Early Morning Workout","Overhead Press (Barbell)",1,65.0,1,0,0,"",,
2020-01-16 07:59:21,"Early Morning Workout","Overhead Press (Barbell)",2,65.0,2,0,0,,,
2020-01-16 07:59:21,"Early Morning Workout","Overhead Press (Barbell)",3,65.0,3,0,0,,,
2020-01-16 07:59:21,"Early Morning Workout","Overhead Press (Barbell)",4,65.0,4,0,0,,,
2020-01-16 07:59:21,"Early Morning Workout","Overhead Press (Barbell)",5,65.0,5,0,0,,,
2020-01-16 07:59:21,"Early Morning Workout","Overhead Press (Barbell)",6,65.0,6,0,0,,,
2020-01-16 07:59:21,"Early Morning Workout","Overhead Press (Barbell)",7,65.0,7,0,0,,,
2020-01-16 07:59:21,"Early Morning Workout","Pull Up",1,0.0,1,0,0,"",,
2020-01-16 07:59:21,"Early Morning Workout","Pull Up",2,0.0,2,0,0,,,
2020-01-16 07:59:21,"Early Morning Workout","Pull Up",3,0.0,3,0,0,,,
2020-01-16 07:59:21,"Early Morning Workout","Pull Up",4,0.0,4,0,0,,,
2020-01-16 07:59:21,"Early Morning Workout","Pull Up",5,0.0,5,0,0,,,
2020-01-16 07:59:21,"Early Morning Workout","Pull Up",6,0.0,6,0,0,,,
2020-01-16 07:59:21,"Early Morning Workout","Pull Up",7,0.0,7,0,0,,,
2020-01-16 07:59:21,"Early Morning Workout","Burpee",1,0,1,0,0,"",,
2020-01-16 07:59:21,"Early Morning Workout","Burpee",2,0,2,0,0,,,
2020-01-16 07:59:21,"Early Morning Workout","Burpee",3,0,3,0,0,,,
2020-01-16 07:59:21,"Early Morning Workout","Burpee",4,0,4,0,0,,,
2020-01-16 07:59:21,"Early Morning Workout","Burpee",5,0,5,0,0,,,
2020-01-16 07:59:21,"Early Morning Workout","Burpee",6,0,6,0,0,,,
2020-01-18 12:04:06,"Midday Workout","Deadlift (Barbell)",1,125.0,5,0,0,"","",
2020-01-18 12:04:06,"Midday Workout","Deadlift (Barbell)",2,155.0,5,0,0,,,
2020-01-18 12:04:06,"Midday Workout","Deadlift (Barbell)",3,185.00000000000003,3,0,0,,,
2020-01-18 12:04:06,"Midday Workout","Deadlift (Barbell)",4,260.0,5,0,0,,,
2020-01-18 12:04:06,"Midday Workout","Deadlift (Barbell)",5,230.0,3,0,0,,,
2020-01-18 12:04:06,"Midday Workout","Deadlift (Barbell)",6,290.0,7,0,0,,,
2020-01-18 12:04:06,"Midday Workout","Squat (Barbell)",1,100.0,10,0,0,"",,
2020-01-18 12:04:06,"Midday Workout","Squat (Barbell)",2,100.0,10,0,0,,,
2020-01-18 12:04:06,"Midday Workout","Squat (Barbell)",3,100.0,10,0,0,,,
2020-01-18 12:04:06,"Midday Workout","Squat (Barbell)",4,100.0,10,0,0,,,
2020-01-18 12:04:06,"Midday Workout","Squat (Barbell)",5,100.0,10,0,0,,,
2020-01-18 12:04:06,"Midday Workout","Ab Wheel",1,0,10,0,0,"",,
2020-01-18 12:04:06,"Midday Workout","Ab Wheel",2,0,10,0,0,,,
2020-01-18 12:04:06,"Midday Workout","Ab Wheel",3,0,10,0,0,,,
2020-01-18 12:04:06,"Midday Workout","Ab Wheel",4,0,10,0,0,,,
2020-01-18 12:04:06,"Midday Workout","Ab Wheel",5,0,10,0,0,,,
